name,latitude,longitude,ratings,no_of_reviews,hotel type,small_photo,price,services,services2,services3,services4,category
Nepal Pavilion Inn,27.711535,85.312034,4.2,181,3-star hotel,https://lh5.googleusercontent.com/p/AF1QipNV5VDLYj2UoO1TQhpZVAlCR9_BfqbUS7L7vDT2=w1200-h1200-k-no,"NPR 2,764",Free Wi-Fi,Air-conditioned,Wi-Fi,Airport shuttle,hotel
Trekkers Home (Hotel in Kathmandu),27.713565,85.310326,4.4,970,3-star hotel,https://lh5.googleusercontent.com/p/AF1QipPgzF4HWu6iiOTZwqJ0cBCYJ8p5WgZcXs23MB90=w1200-h1200-k-no,"NPR 1,051",Free Wi-Fi,Air-conditioned,Wi-Fi,Parking,hotel
The Dwarika's Hotel,27.7051976,85.3423518,4.6,1933,5-star hotel,https://lh5.googleusercontent.com/p/AF1QipPn3R_ymofYbwGz7AuAbCPFpENaHbtWAimHp3df=w1200-h1200-k-no,NPR 28.1K,Pool,Spa,Fitness center,Hot tub,hotel
The Soaltee Kathmandu,27.7005975,85.291006,4.5,5530,5-star hotel,https://lh3.googleusercontent.com/gps-proxy/AE4_-5F7hjjhAZsOB5X8xnV61rDJTgDCDDgKAO2vunAlQcLEXMfmewuQsXi5F5Ic_i9av5Mu4s0OyE9wcaHM0LFIABymgA9QjHIJ4sWZHAUiB84R0_wZDFvGf_gUOBMsW6qEfjQtdTCKKF20TpRLASKIgZz1zlw1io0KHgKRqrQrXlPAIYM6w9azJUWu=w1200-h1200-k-no,NPR 23.4K,Pool,Spa,Fitness center,Free Wi-Fi,hotel
The Malla Hotel,27.7174614,85.3135155,4.1,1031,5-star hotel,https://lh5.googleusercontent.com/p/AF1QipPuFDx1NGdY2tUips8_U6gtpyDKgiRzUv1TryDT=w1200-h1200-k-no,NPR 13.7K,Pool,Spa,Fitness center,Hot tub,hotel
Hotel Shanker Kathmandu,27.7188945,85.3194684,4.3,2795,4-star hotel,https://lh5.googleusercontent.com/p/AF1QipOx9s0--i8hPeic9pnKPrSs_zEk7ng6pTamoD6f=w1200-h1200-k-no,"NPR 7,337",Pool,Spa,Hot tub,Free Wi-Fi,hotel
Hyatt Regency Kathmandu,27.722082,85.356928,4.5,4751,5-star hotel,https://lh3.googleusercontent.com/gps-proxy/AE4_-5HoLd_wA3SMogz0jZbxl_vGYBuVJIGPG7s9bi0cfSvKBbrw6bwkUThENnanubXSVfmeZZwI0Ogg_Ajy_QK-S4EliTjHBa2iw0ACMFcELWXTQ3GAcPLcD9k1mHrO5IkedkjBjSKELQm-mmyLVxLw4ynnGLKXYckEckKOvgaesNB5QaZNgTeQFVuq=w1200-h1200-k-no,NPR 23.7K,Pool,Spa,Fitness center,Hot tub,hotel
Flying Yak Kathmandu,27.7168341,85.3114538,4.8,196,Hotel,https://lh5.googleusercontent.com/p/AF1QipOEgvJPt-KXgqblgQtCqcRGmIAF7fcuYC00MlKK=w1200-h1200-k-no,"NPR 1,380",Free Wi-Fi,Air-conditioned,Breakfast,Wi-Fi,hotel
Hotel Pleasure Home,27.7123295,85.3122245,3.9,239,2-star hotel,https://lh5.googleusercontent.com/p/AF1QipMy3CDCbNJ5PrTnJRC5_7li-HQzvfQC8_oW0IUv=w1200-h1200-k-no,NPR 909,Free Wi-Fi,Air-conditioned,Wi-Fi,Airport shuttle,hotel
Hotel Yak & Yeti,27.7114951,85.3197981,4.4,4548,5-star hotel,https://lh3.googleusercontent.com/gps-proxy/AE4_-5Gt3MXUSaABhLszOp1T7Vt4oCc5t14BQhgtVGZJsvnMwNWa3ewrUrdPHt0JBnNCiY-XBM__NYuUwUtnuYZJ-mgsiQpP4bAhbYHNEf9YTS4IZFJGQR0TE_hvXnG3SU0j-LryF94B1EEJ9w7wx0HkeTn3R0TiXj0fAwAoe8daG6yVmUmUhFZWVpsO=w1200-h1200-k-no,NPR 19.1K,Pool,Spa,Fitness center,Hot tub,hotel
The Everest Hotel,27.6890941,85.3338357,4.3,1099,5-star hotel,https://lh5.googleusercontent.com/p/AF1QipMh_cg00Od7-8KXfd3H9ZXFBggRQz3se0fHjfY0=w1200-h1200-k-no,"NPR 9,844",Pool,Fitness center,Free Wi-Fi,Air-conditioned,hotel
OYO 123 Hotel Prince Plaza,27.7112133,85.333678,3.8,413,3-star hotel,https://lh5.googleusercontent.com/p/AF1QipNCsVciX9sxLM2FlmQ5mR52hnnyNGsvxeSZ95fo=w1200-h1200-k-no,"NPR 1,800",Free Wi-Fi,Air-conditioned,Breakfast,Wi-Fi,hotel
Radisson Hotel Kathmandu,27.7199841,85.3212776,4.3,4059,5-star hotel,https://lh3.googleusercontent.com/gps-proxy/AE4_-5EBCwND3zqTw7Z-_TrBW2TgKw-17ivv4qV6gspeTmZBeWNdHBJTPxZVS4TFLq-ZAZfR47-PbrWoiDmj3be3vKYkWQ5LTDjmT5YX1FyGrMnJZr5Gisi4C6QwYT4_vZ0NhkgkIaik5AXZ1cyTcrKaIX7cpv6nbMkMOt3pZsw_0CWEsSTdx49aSWb8=w1200-h1200-k-no,NPR 15.6K,Pool,Spa,Fitness center,Hot tub,hotel
Nepal Pavilion Inn,27.7115348,85.3120342,4.2,181,3-star hotel,https://lh5.googleusercontent.com/p/AF1QipNV5VDLYj2UoO1TQhpZVAlCR9_BfqbUS7L7vDT2=w1200-h1200-k-no,"NPR 2,764",Free Wi-Fi,Air-conditioned,Wi-Fi,Airport shuttle,hotel
Hotel Ganesh Himal,27.7098945,85.3066069,4.2,284,3-star hotel,https://lh5.googleusercontent.com/p/AF1QipO65GztB2XfJ0wiGH-vaFgwZqU2umSNMw5DeTDK=w1200-h1200-k-no,"NPR 2,332",Pool,Free Wi-Fi,Air-conditioned,Wi-Fi,hotel
Hotel Shambala,27.7416417,85.338437,4.4,1413,4-star hotel,https://lh5.googleusercontent.com/p/AF1QipPMJnvcqzkapyQGwvYg4X-8PCxB0fBrdPAwORaR=w1200-h1200-k-no,NPR 11.3K,Pool,Spa,Hot tub,Free Wi-Fi,hotel
Kathmandu Marriott Hotel,27.7128456,85.3245087,4.6,2259,5-star hotel,https://lh5.googleusercontent.com/p/AF1QipM9CJapWfHD_VA8QpIdAvRCKvr2HNgIWkjISjn1=w1200-h1200-k-no,NPR 28.2K,Pool,Spa,Fitness center,Hot tub,hotel
Hotel Osho Home Pvt Ltd.,27.7116875,85.3128125,4.2,197,3-star hotel,https://lh3.googleusercontent.com/gps-proxy/AE4_-5FNEZTBuV9P9PHyt2imFI10Vy94-uZV3f4JEEABw6iquG-nTx9HiTOpwOos7pYpYeA7GUxt1oQeAuY1ALCmygxFg1vnKXO0sKrqktaIA1MjAObwfzEYx1hVXuJvEUgDRiLhMPzOHSajfbwMowPF_8bWRVcTP_iVnTAL756QLj5zYSW-Kkol2_SwIw=w1200-h1200-k-no,"NPR 1,577",Free Wi-Fi,Breakfast,Wi-Fi,Airport shuttle,hotel
Hotel Heranya,27.7187478,85.3205788,4.3,152,3-star hotel,https://lh3.googleusercontent.com/gps-proxy/AE4_-5G0ivQf_V5iuofSt2CcPn42xQwlw6NQmQjogz6Q9lpJVdVNa5Ytu0ZP4WwNVESE2u3ZkPLxM51-cb60x16jcPHioyHOry-W-cQ88mtknI1SDwaCix3HYpiZ5BHeHgrXTR6xP11BUZrrcJgidB52_pZ63WMuhnub6v3vGwamUx6cEUWf9pyjq8M=w1200-h1200-k-no,"NPR 3,674",Free Wi-Fi,Free parking,Wi-Fi,Airport shuttle,hotel
Kathmandu Suite Home,27.715069,85.3069934,4.6,511,3-star hotel,https://lh5.googleusercontent.com/p/AF1QipMsLpVh6xCtT73LqyqYszacABMbE1CcUdZ2qkJd=w1200-h1200-k-no,"NPR 6,492",Free breakfast,Free Wi-Fi,Air-conditioned,Breakfast,hotel
Trekkers Home (Hotel in Kathmandu),27.7135655,85.3103256,4.4,970,3-star hotel,https://lh5.googleusercontent.com/p/AF1QipPgzF4HWu6iiOTZwqJ0cBCYJ8p5WgZcXs23MB90=w1200-h1200-k-no,"NPR 1,051",Free Wi-Fi,Air-conditioned,Wi-Fi,Parking,hotel
Nepal Cottage Resort,27.7150925,85.3078993,4.3,374,3-star hotel,https://lh5.googleusercontent.com/p/AF1QipORPrbDwjyLPqsW88WbUBhFyAnUh77z4tVIfU_a=w1200-h1200-k-no,"NPR 5,102",Free Wi-Fi,Free parking,Air-conditioned,Wi-Fi,hotel
Hotel Shivam Plaza,27.7046421,85.3467577,3.6,394,3-star hotel,https://lh3.googleusercontent.com/gps-proxy/AE4_-5EMY8xKNGpuLBspkjmOfyGhd1NKYVoMfa02jOviIzLbdxZKi-oSJLCPZkIa61M4QkPqWun3h6bWWkG_8o3do9VArRfGVAQO9QOgw-iYjkxydbN3g6s8fzJP5LrNpIpPHdKlCG9C7N6jwvcRhFKurWXSm4c6IakXphwdo3kxqj0adyDe5sofVwlH=w1200-h1200-k-no,"NPR 1,510",Free Wi-Fi,Free parking,Air-conditioned,Wi-Fi,hotel
Norbulinka Boutique Hotel,27.71701,85.3125999,4.2,335,3-star hotel,https://lh3.googleusercontent.com/gps-proxy/AE4_-5HyyhwbpP2P6uv7I-tlzGLdTXCLQOgWSY-MOYnt95TSmzHHjw5viuRuv-00C20dFcC8LPeCyISKSdGTqEhqWfpq5nHxr2yebTHFnwWCQmTCLebS5GlcW9Fl_LpzeL7p5Pii7AU680HpWtDi8bvqmibNk_T7AwJKXUaYI4IBnd7AUFZqKSmAGv3_KQ=w1200-h1200-k-no,"NPR 4,433",Free Wi-Fi,Air-conditioned,Breakfast,Wi-Fi,hotel
Royal Penguin Boutique Hotel,27.7119964,85.3100614,4.1,337,4-star hotel,https://lh5.googleusercontent.com/p/AF1QipOYobUTxkVIJ4vUfWHa2OlpMMVpUiPQZS6g71D8=w1200-h1200-k-no,"NPR 3,366",Spa,Hot tub,Free Wi-Fi,Air-conditioned,hotel
Kathmandu Peace Home,27.7230994,85.3080653,4.8,622,3-star hotel,https://lh5.googleusercontent.com/p/AF1QipOo6GnUWMwLxA5iGSmVSl4FxYhJW0LEmBixq5Bs=w1200-h1200-k-no,"NPR 1,648",Free Wi-Fi,Breakfast,Wi-Fi,Airport shuttle,hotel
Timber House,27.7128795,85.3086817,4.7,152,3-star hotel,https://lh3.googleusercontent.com/gps-proxy/AE4_-5HAGFXNOGdxEYJXdpfD4zd4vOhdgM0bFinhaKB-BCoyLFnXC37WZrbNoXiEtGgmx1jchvm7abvGecMFld78eMlzHMxHpQl545U81e7MoR-qGdL2RIreEzGQ-PfsvmI8U18BHQGsD6GWKVkjJR3M_6C2M82XngPXACbXCZ1MJQq54T1H-lkcvifBbg=w1200-h1200-k-no,"NPR 2,377",Spa,Fitness center,Free breakfast,Free Wi-Fi,hotel
Dom Himalaya Hotel,27.7126244,85.3087476,4.5,721,4-star hotel,https://lh3.googleusercontent.com/gps-proxy/AE4_-5E-y16IEtm2IGHRveknqPrLBbBGJVdYqEdtK5DoFopaQ2t0OC-xmwdUqxfmsqeZDbc_V-WmoP0KzehCPeB1mP4yZn3xa7lmkaa91BAwSiHurbsxXM5ZruCUSanjkaV3lVd9G5Bhy6TPvVgPZdUnnXlyt2hTTboYWVlBYTwciL-53aQg2N8iBVw=w1200-h1200-k-no,"NPR 4,664",Spa,Fitness center,Free breakfast,Free Wi-Fi,hotel
Hotel Thamel,27.7169548,85.3114911,4.3,395,5-star hotel,https://lh5.googleusercontent.com/p/AF1QipMPDW0QE-UEGfrhO9lkgDBVcM5zlv5yslUaJdT8=w1200-h1200-k-no,"NPR 4,971",Free breakfast,Free Wi-Fi,Air-conditioned,Breakfast,hotel
Fairfield by Marriott Kathmandu,27.7154597,85.3143313,4.3,1381,3-star hotel,https://lh3.googleusercontent.com/gps-proxy/AE4_-5ErhGnkC2kSZB3ALkU5znkpdPAY_NPC2_65-IEC4CAZP-7aRLoUse-upCWA2b74asGpUS2GGciK-g-O18sWyX4zSGyVBOWX0O_qRcetVpHVyYVYdn-RPTZSwsfcUv1HnlPzmsinHLIJ3Hq20QXUUTzNYxdau6VhPpRBZOnfMH5B1FLFcSJXzENK=w1200-h1200-k-no,NPR 10.6K,Fitness center,Free breakfast,Free Wi-Fi,Free parking,hotel
Bodhi Boutique Hotel,27.711782,85.3133126,4.6,265,3-star hotel,https://lh5.googleusercontent.com/p/AF1QipOjfRoA1IirmqPeTJrrmIH5WOs0yHS1FZktoGkq=w1200-h1200-k-no,"NPR 6,005",Free Wi-Fi,Air-conditioned,Breakfast,Wi-Fi,hotel
Hotel Holiday Inn,27.7110905,85.3075992,3.8,64,3-star hotel,https://lh3.googleusercontent.com/gps-proxy/AE4_-5FKT67zP3MRIQFDM08LCuWHBNX58Rvlv14cfCM7K-rU644grh1HYt9Zr5rWJZ5bSYDHkqpUU90hvSd3XwmIQuXccS8OR1_1hhn8-l-kjfoxv2bDP2q3gCEQe_clqWfSX0FGLLV2KVd1G6_zPTi0Nl8VHxBvwYoFwH3VT83F6TeVtk1o27jku39xNw=w1200-h1200-k-no,"NPR 1,787",Free Wi-Fi,Wi-Fi,Airport shuttle,Restaurant,hotel
Kathmandu Boutique Hotel,27.7101775,85.30794,4.2,320,2-star hotel,https://lh3.googleusercontent.com/gps-proxy/AE4_-5EzVS7a6SdGLZjg-_XM0cKp26GnOGc59_3TNOZkFmJyEW84HW09AWqvTF1VUAlLvsEgeagPqMAAPFghuX7XBLX4XwcM6qNF-b0ncivTUjVVp57EQa6KVSbH2MmT-I9TyaIXXvzeIDEz3floerSwxdbao5ZAd_u9xCs8SRJk9cvDPkky_M5LrHMQ=w1200-h1200-k-no,"NPR 2,114",Pool,Free Wi-Fi,Air-conditioned,Wi-Fi,hotel
Meridian Suite Hotel,27.6994552,85.3540954,3.8,361,3-star hotel,https://lh3.googleusercontent.com/gps-proxy/AE4_-5HVEfS-N-rDm_cnB1cH7e6nfiPbaLsPenTeIyQW1-OF7-L0ZRH2uUQJUf1H5R4Nq6zjMTRA-6VEGrj22iXTKvVeLzYIdE3qhbQVeV08Yyv0X87fSAM_IHflSRPXS1HiZ27c8DOl9MEByGlpt9z_v8OgbLKrGxA2Ddm0vmZxdnyL1uRVWqYhyvw=w1200-h1200-k-no,"NPR 3,234",Free Wi-Fi,Breakfast,Wi-Fi,Parking,hotel
Kathmandu Regency Hotel,27.7114052,85.3087027,4.2,111,Hotel,https://lh5.googleusercontent.com/p/AF1QipPAAmW2UZEfu8b1Vd2XViKiu_JmhUjMzMz08q8H=w1200-h1200-k-no,"NPR 1,917",Free Wi-Fi,Air-conditioned,Breakfast,Wi-Fi,hotel
OYO 729 Hotel Era,27.7308944,85.3078371,3.9,74,Hotel,https://lh5.googleusercontent.com/p/AF1QipM8rJ5Exjxjmf0gbLuqvO1LOi6dcKqeFchwhgcM=w1200-h1200-k-no,"NPR 1,392",,,,,hotel
Hotel Yala Peak,27.7124021,85.311421,4.6,314,2-star hotel,https://lh3.googleusercontent.com/gps-proxy/AE4_-5HOcBBX6jmf0RVIbd__bJjaJhGY6NAnTAAPcIr2xVHvJB4SaJAfVQKoakZd9TfDc1EN9S-SY7aK2Ivt1zqPgrQ-VHvPxKqwc9wzNVRtbEEwY8IjuLL4STshKreS0IIMlidD2-TIOZmgS-FmDlZQf-SZl1B6EHBoeSzTjrz_rcmA57KRbb54wDPE3Q=w1200-h1200-k-no,NPR 867,Free Wi-Fi,Air-conditioned,Wi-Fi,Restaurant,hotel
Hidden Leaf Bed and Breakfast,27.6753121,85.3065684,4.1,97,3-star hotel,https://lh5.googleusercontent.com/p/AF1QipMzXkL5-kBNgbcj1AfAVtdeCqQdhI_bV9MgqJ9W=w1200-h1200-k-no,"NPR 1,727",Free Wi-Fi,Free parking,Breakfast,Wi-Fi,hotel
Khangsar Home,27.7118861,85.3099302,3.7,295,2-star hotel,https://lh3.googleusercontent.com/gps-proxy/AE4_-5HadapPsrNgQjvjxDjSI18zTqo2GblvCsJ6vxbl9yAAuEboXPPaqYJ1_Wc3OhLjV4LxfrzDjRg_3Y7Dhy0WlnExkSA2SPqvO1AUrD33V2URsFsr_JLaQ0ztcqAepK1UV2y8N-qoHWbv_UUffr0nyv9ftmBPlrTDxZcJP5LFORr_6deQMa6ht1KJ8A=w1200-h1200-k-no,"NPR 1,314",Free Wi-Fi,Breakfast,Wi-Fi,Airport shuttle,hotel
OYO 374 Hotel Holiday Taj (p) Ltd,27.7066633,85.317796,3.5,324,2-star hotel,https://lh5.googleusercontent.com/p/AF1QipO6bnL8-MXzwruftKHYH2utc9iA2U91rhCiLGuV=w1200-h1200-k-no,"NPR 2,000",Free Wi-Fi,Air-conditioned,Wi-Fi,Parking,hotel
Lemon Tree Hotel,27.7173063,85.3094407,4.3,139,3-star hotel,https://lh3.googleusercontent.com/gps-proxy/AE4_-5Fa9IZHMXWInhnNApCHQPEzeHjzX2z7UZVy2daKVuo2iFKFHV0bg396HVvQmjPlRCociDCRGJEwRX9wxb7U6HoC3ikqVa1lZMPLcFiYp2K9usCgwlzuhQ9TArnC_d5WCKIF6CmaPeNqdNCOTvW5QZoq1a5W3aETamF-lH7nC1qiW7CnjFpmU5TeDw=w1200-h1200-k-no,"NPR 2,365",Free Wi-Fi,Air-conditioned,Wi-Fi,Airport shuttle,hotel
Hotel Yambu,27.7177608,85.3113556,4.5,760,3-star hotel,https://lh5.googleusercontent.com/p/AF1QipO8JruXX9GgX5S3CCxU9ADJMlWDETbSfyfJaOpB=w1200-h1200-k-no,"NPR 3,016",Free Wi-Fi,Air-conditioned,Breakfast,Wi-Fi,hotel
Kantipur Temple House,27.7112433,85.3129207,4.6,681,3-star hotel,https://lh3.googleusercontent.com/gps-proxy/AE4_-5HOshYjn92VHzHbHnXdJsQ0aphO7jCKt6GaxJTsPVe0Iyk40y1mXxFxu_E5ETqtwqhSIcR0jOWLoEb4UWDUmRynYRBC6GJnbXlgRKexFLHVAk6hvEzDkWjszrZ_45C_6rYaCOLnJm0Jehg0KAUm9sOUdTn5KGzhdQx6uPsehfKPUzRoxYj8Yr0=w1200-h1200-k-no,"NPR 7,096",Free Wi-Fi,Air-conditioned,Wi-Fi,Airport shuttle,hotel
The Museum Bed and Breakfast,27.7314672,85.3278454,4.3,53,Lodge,https://lh5.googleusercontent.com/p/AF1QipP2bwFTjNvC9MdAInov5T4YGJalYdWgZsxJjJws=w1200-h1200-k-no,"NPR 3,714",Free Wi-Fi,Air-conditioned,Breakfast,Wi-Fi,hotel
Beautiful Kathmandu Hotel,27.7152341,85.3069976,4.0,137,3-star hotel,https://lh5.googleusercontent.com/p/AF1QipNQbRr5qgITNzi6oWwfBTK9x8yLIEE1tb34sF9m=w1200-h1200-k-no,"NPR 6,121",Pool,Free Wi-Fi,Air-conditioned,Breakfast,hotel
STUPA VIEW INN PVT.LTD,27.7138503,85.297879,4.0,65,2-star hotel,https://lh3.googleusercontent.com/gps-proxy/AE4_-5GvsZRiMZB0YRkL38Snpt2UYHP4KQX3rbDYoGwU_8S59KKKRZDlkKUddHkST3hzLRlFfDSWmuryuMV03XPJL_e-uxK8jsdvEoAGtMXIp3TFwcZpQa03JOV4JrnXDr3ghp8p6kvqYBJezJd4tteUmBX5ZA5oViPDc4XJ_pfzZc1Rxx2fY8mwu8Y4=w1200-h1200-k-no,NPR 917,Free Wi-Fi,Wi-Fi,Restaurant,,hotel
Yellow Pagoda,27.7104126,85.3151969,3.9,1590,3-star hotel,https://lh5.googleusercontent.com/p/AF1QipPf6P7QPPeoi8kVo902IIbS84pOutechn1u_ZTA=w1200-h1200-k-no,"NPR 6,685",Free Wi-Fi,Free parking,Air-conditioned,Breakfast,hotel
Hotel Encounter,27.7187797,85.3122899,4.2,296,3-star hotel,https://lh3.googleusercontent.com/gps-proxy/AE4_-5EMCilkEIxCDH-Oerxz-9qMw0xOPlNar-wqzzC1oqUrpOWXHa_SNDyFCXjKNDJpHURjFji09EuarmKKp82ZxoLThobD3aACfMmFZV1FgGPKPxlz51ypH2hWm4FOhBim1GSTjGIwMt1nKY15pP7uSRu1fQCOc_MXvd2ezOx-ew5Ivy1ka7udHjo8SQ=w1200-h1200-k-no,"NPR 2,896",Free breakfast,Free Wi-Fi,Free parking,Air-conditioned,hotel
Kathmandu Guest House,27.7151892,85.3094953,4.4,804,4-star hotel,https://lh3.googleusercontent.com/gps-proxy/AE4_-5FhSTULaWYk-yCo7h6avRP7QXq8EPKYj7SllCT8BD2ELg_dxjE_PHngKkiSahHOxunSsYeN-d0WyPO_XSFLqNjDnYd4NNyZH8wejFJ2BHSA5ENaY1_4FjsvSjmWovFjSaKg0UDVvtupDPJhgkW3DpQTOPOFTqKwJDe6h7gX3Omi8yUY4cPQ3uiy=w1200-h1200-k-no,"NPR 6,643",Free Wi-Fi,Free parking,Air-conditioned,Breakfast,hotel
Hotel Buddha,27.7171472,85.3103338,4.2,38,3-star hotel,https://lh5.googleusercontent.com/p/AF1QipOy4jFFuziD8QcsjEHedxUtBIwMjFHyZXvOWU68=w1200-h1200-k-no,"NPR 3,268",Free Wi-Fi,Breakfast,Wi-Fi,Airport shuttle,hotel
OYO 352 Hotel Konark Inn,27.7117477,85.3288306,3.7,145,Hotel,https://lh5.googleusercontent.com/p/AF1QipOU5C6ypzPPL4b0Tyr-Pb2WbXcBOqX0bcIaQqmD=w1200-h1200-k-no,"NPR 1,530",Free Wi-Fi,Wi-Fi,Parking,Restaurant,hotel
Sudha's Garden Home,27.722517,85.3545881,3.6,186,2-star hotel,https://lh3.googleusercontent.com/gps-proxy/AE4_-5E0DavXHgrk9CGlPTkgRzMa_VDwyLOM0TEdz1AgL3Z5-QVBBKFCdTLUrbypKI7pNz8HdArtqPyonQUfsYWEa4f-5T6yMaHqTUlEPCFLhJxTFnnPfp3-af49Iq5R2ozLZx_fNiDQ6-VuP4kzWf5eSX6gQ-rMbzxuW-ymBm8pGdvxEwamDvxc_kRquQ=w1200-h1200-k-no,NPR 942,Free Wi-Fi,Free parking,Wi-Fi,Airport shuttle,hotel
Hotel Sara's Backpackers (P) Ltd.,27.7466154,85.3159183,4.1,154,2-star hotel,https://lh3.googleusercontent.com/gps-proxy/AE4_-5FNlg1PyU8JrIhEvdeuySpHfce7FJhe2ZG1hG-jePlTNRm-9XrxnOAtGLUxiGeuXsmOrO_h67lpAY4yYW4ZYG8cMgutvW62fkfr67Tlflq0_mVICfKXMjS8oslzR0_FyQ0cOEIal7oBAVTowBsjiuW2dqI3aaejPora0qO3ywqt8pljMt9r95tw=w1200-h1200-k-no,NPR 605,Free Wi-Fi,Free parking,Wi-Fi,Restaurant,hotel
Avataar Kathmandu Hotel - Thamel,27.7168104,85.3097213,4.1,329,3-star hotel,https://lh5.googleusercontent.com/p/AF1QipNMXAQCa1EuqbSYvKhQObyF9aloa5CIa2cC6KdM=w1200-h1200-k-no,"NPR 2,843",Free Wi-Fi,Air-conditioned,Wi-Fi,Parking,hotel
Kathmandu Nomad Hotel,27.7134724,85.3109466,3.5,223,3-star hotel,https://lh3.googleusercontent.com/gps-proxy/AE4_-5G0nGXRcHebf-uuMoXSyuygyCY1yi36WjswXb_mmyQ_HQnTiNINYJBnkSk_oYl0ZNItY5JP95zTXLLeYDdzjn9wKioDfH5HT7bmVPrkMW35z-q0ydYIj2TzrUcEIw64ni1ctjdMBUz6feCzmarDHaaKfG_ca8l2ukBA_odEHqgm860Ec1n4uZNy=w1200-h1200-k-no,NPR 961,Free Wi-Fi,Wi-Fi,Parking,Airport shuttle,hotel
Green Mandala Inn.,27.7438625,85.3696935,4.6,77,2-star hotel,https://lh5.googleusercontent.com/p/AF1QipOF_PV683KUHGkAyKuYVqJi3cfKIZu0Js9YRhRO=w1200-h1200-k-no,"NPR 1,656",Free Wi-Fi,Free parking,Breakfast,Wi-Fi,hotel
Hotel Pala,27.7177008,85.3116902,4.2,220,2-star hotel,https://lh5.googleusercontent.com/p/AF1QipN9qF_-qmkXdnNsnDTBWRAyOLweRyzEdE_iZuBW=w1200-h1200-k-no,"NPR 2,839",Free Wi-Fi,Air-conditioned,Breakfast,Wi-Fi,hotel
Nana Hotels Thamel,27.7155569,85.3105681,3.5,157,2-star hotel,https://lh5.googleusercontent.com/p/AF1QipM7McgDpa5_iFl6828tg5zyo9kBizWmUzCXdZl4=w1200-h1200-k-no,"NPR 1,256",Free Wi-Fi,Wi-Fi,Airport shuttle,Restaurant,hotel
Sakura Boutique Hotel,27.7160612,85.3118004,4.1,108,3-star hotel,https://lh5.googleusercontent.com/p/AF1QipMZNMF2-qdTour_1qno3StTURHIvfMVZLRbGtLZ=w1200-h1200-k-no,"NPR 1,892",Free Wi-Fi,Air-conditioned,Wi-Fi,Airport shuttle,hotel
Kathmandu Peace Guest House,27.7183606,85.3085599,4.1,213,2-star hotel,https://lh3.googleusercontent.com/gps-proxy/AE4_-5ELEt7bsHPqkC84ArRd6jZVLJB5X_eQ69XZERAx1n8vqzXmIEBSvdEv040fRGHuPE4C9_4WNYGhDKu9Zlgmq0vbiQ2S_TM0wMVUXkX4UWWzdTU83ospYXsxloX7sGReJtZebhmOkkKC54ecLcHnQPnSu6JwTWXIz3TCYDFlvXz3mVMU1bGLYCyMHg=w1200-h1200-k-no,NPR 894,Free Wi-Fi,Air-conditioned,Wi-Fi,Restaurant,hotel
Backyard Hotel,27.7131846,85.3113505,4.1,236,2-star hotel,https://lh3.googleusercontent.com/gps-proxy/AE4_-5G9luuvB91ClPXKWoZUtI_3HMCgSIMNtz5f5NFQW0jSuNVZfQuGQ_dBIX642PVi0OL5svzuaZFhJx_y5umXCZQN3yL6Bxo_6owB_nyPjpRIZNLfMAEO2MDzHDe9SG5vG6JZcrzV9BR08nGYJGPP33Y7wR7pYg2anslKCe1R__aS40sabXC06Ugh=w1200-h1200-k-no,"NPR 2,661",Free breakfast,Free Wi-Fi,Air-conditioned,Breakfast,hotel
Hotel BUBO Himalaya Pvt. Ltd.,27.7141177,85.3111618,4.1,81,3-star hotel,https://lh5.googleusercontent.com/p/AF1QipPYMgGGqU1KgD8pYc4N8a5n9caOr5elHs0-BeGE=w1200-h1200-k-no,"NPR 1,528",Free Wi-Fi,Wi-Fi,Airport shuttle,Restaurant,hotel
Hotel Everest Nepal,27.7120818,85.3131526,4.3,57,Hotel,https://lh3.googleusercontent.com/gps-proxy/AE4_-5HUQ_jb_9DHyH1Xrz9p0OkllCQhkEVWQOdBOchTthU4fBQAKKy3D9-V7n02yjbk9MxfU4jUAbrjC6FDK172ur_51oyGBiMp5bOxlTvQLfciGzadC6hwTaSUnip0bYU4Vqn0lZyCrNTLr0toQ-ocTB7o7JPWF8ucgA6xOlHOFrKDhKNBYo9seICk=w1200-h1200-k-no,"NPR 3,230",,,,,hotel
Sacred Boutique Hotel,27.7125059,85.3126895,4.5,86,3-star hotel,https://lh5.googleusercontent.com/p/AF1QipOVcUhbAw6ZnbuppGvh5BUTYqGRHA1IlvNlD13r=w1200-h1200-k-no,"NPR 3,301",Free Wi-Fi,Free parking,Air-conditioned,Wi-Fi,hotel
Oasis Kathmandu Hotel,27.7150981,85.3141631,4.5,542,3-star hotel,https://lh3.googleusercontent.com/gps-proxy/AE4_-5F05eQqTw50zLRCpv2Gp9vp3ixFh-rcGe4EbZFPXk6XeKEwlqWNurtF1ADcZaNb22-neYcLOfJHTVUt7XzYcOKRZF0Nbs8CZzIuZOS9CZs3815WlZyppqB9dBPMK4plwb0d1GppXvvWIlpkUuOOfnBFf2BweXcQmeqF67_mV113gQVdRsmIo9Gy=w1200-h1200-k-no,"NPR 5,130",Free breakfast,Free Wi-Fi,Air-conditioned,Breakfast,hotel
Hotel Ambassador,27.7187907,85.3175306,4.4,792,3-star hotel,https://lh3.googleusercontent.com/gps-proxy/AE4_-5HT7kTubGp-J27aQwpVdafeEXKeGp7TheM52Zwgr43dFnlEeBKpgf6jdz8yNXwNPRq5xJ6q6Wm4OCOMmw7isQMSusxnV_Qx6y269d9h4GxH0GBM6Cw8k1Qrixa2BvadPPQSZKjyNA0PV8aN2YwoYLO4oVCaWURa1atKNLawVEWvztkAPuRuldw=w1200-h1200-k-no,"NPR 7,991",Free Wi-Fi,Air-conditioned,Breakfast,Wi-Fi,hotel
Kathmandu Aagantuk Hotel,27.717445,85.3111515,4.3,105,Hotel,https://lh3.googleusercontent.com/gps-proxy/AE4_-5EmLm1mGQPNPV-NketGPKDP-LAVwN6CK6QC4REJ5BmVB8zUSbkT2tchU-Nv5sFxT-YNAVUxT0ul_NFfl_VOIdUUBZAIwM0AFDXZgHowdEGdoBsIvh7pu70WQsmP09GxXgfh24xlX8vn1Hz0N4X7xZxaxaz2uaEIFKU4znyvvOoUC1o32oG06LOw=w1200-h1200-k-no,"NPR 3,942",,,,,hotel
Hotel Buddha Land,27.7119185,85.3128881,4.0,89,3-star hotel,https://lh3.googleusercontent.com/gps-proxy/AE4_-5HrlVxD1pziVXcKPwI30vuBb4Yi1f04RcHJZBEuGieE8u_1XwaGftTzKjpllln4RDWy0I3YK1mQUqZzkmm04BZqNfVtPcXOx00zxkKLoaUmWTcU4MYivqXohS9OzDXaViQ7klXNTZQt6V_Fj9YxAJ8AlyNkCDpYnE1Setazpqr1dUwf0npVgdlS=w1200-h1200-k-no,"NPR 1,892",Free Wi-Fi,Air-conditioned,Breakfast,Wi-Fi,hotel
Hotel Friends Home,27.711546,85.3130445,4.5,326,3-star hotel,https://lh3.googleusercontent.com/gps-proxy/AE4_-5FRkkgN_vm3gyNycPJNmEc5HtW9HaBmnMumMgVXfOuxOSP6rUeTX5xIByOoW3TMVFZxWwZQFT92H073FC0n0Im4HYwJRqtlf75rAHWULGzt89ORN0V9B92HBEJ-Lky1qcQF5-lUmMKqC6U_PHWUvyvvpX_qFPZwmGJKvU1laaRzFss7EUnF_AWh=w1200-h1200-k-no,"NPR 3,312",Free Wi-Fi,Breakfast,Wi-Fi,Airport shuttle,hotel
Hotel Akama Ltd.,27.733685,85.3443484,4.5,1245,4-star hotel,https://lh5.googleusercontent.com/p/AF1QipOJB1lx2dMPN5kZ1-I208jBanFzS4wksXzNfEGF=w1200-h1200-k-no,"NPR 8,672",Pool,Spa,Fitness center,Hot tub,hotel
Hotel Crowne Imperial,27.694799,85.2916323,4.3,500,Hotel,https://lh5.googleusercontent.com/p/AF1QipOAxmA96Y9FhqcDNQ7CkqEWPPTi4Sw3kyJamh_E=w1200-h1200-k-no,"NPR 7,491",Pool,Fitness center,Free Wi-Fi,Free parking,hotel
Nepali Ghar Hotel,27.7165024,85.3129434,4.6,370,3-star hotel,https://lh3.googleusercontent.com/gps-proxy/AE4_-5H6VqAqSti6EPalXrwYdlcp_Y_bgdaFcssF_AVN0-2y_EgFHRfkGs7VBiULvERMfSFpbtn_1jbl0z2aM_lHSjfrN6zGO2wN8DaCY5EBO9jYbAWzzv6f27EEjYJCF_GrBU_3VEKK_oZ6kI_VVo6zOGz9Q0rYUiYE6cG9V5mf2Dqj2jmpH4ky8DiW=w1200-h1200-k-no,NPR 10.4K,Free Wi-Fi,Breakfast,Wi-Fi,Parking,hotel
Three Brothers Apartment & Hotel,27.7266111,85.3219227,4.5,235,Hotel,https://lh5.googleusercontent.com/p/AF1QipOGUTxeTrAu7Df07nvLrFgywE4fYFNcfxeU0MoY=w1200-h1200-k-no,"NPR 1,812",Free Wi-Fi,Free parking,Breakfast,Wi-Fi,hotel
Hotel Marshyangdi,27.7170106,85.3099814,4.0,527,3-star hotel,https://lh3.googleusercontent.com/gps-proxy/AE4_-5FQi9sddZRkMZNWlogcFVl0nnG2RnUuNaF2SEDCLd4PcNFSUmWOe6QCOBdhd0dwfetcnbo6JznOVNR5Mcl6JBxfB55b3sywD54tB4KqFH-Vmw6NJzFIby4oTdQcJdOWbMkoyEnNQXACx0ZajnWT-gKrVwEbYRwFwF7tx2MY8pbZC3fAZjl169UX=w1200-h1200-k-no,"NPR 7,065",Free Wi-Fi,Air-conditioned,Breakfast,Wi-Fi,hotel
The Address Kathmandu Hotel,27.7134424,85.3102443,4.4,322,3-star hotel,https://lh5.googleusercontent.com/p/AF1QipMTAsn2ZjUojI7q5LPqKA3PZdglUcl1i6AGYU1p=w1200-h1200-k-no,"NPR 5,052",Free Wi-Fi,Air-conditioned,Breakfast,Wi-Fi,hotel
The Doors Hotel,27.7154802,85.3087192,4.5,160,3-star hotel,https://lh5.googleusercontent.com/p/AF1QipOpQ1WGRBCnxBLTKfjAL3Iy1n15H2EJg7tULjKy=w1200-h1200-k-no,"NPR 1,840",Free Wi-Fi,Free parking,Air-conditioned,Breakfast,hotel
Hotel Gallery Nepal,27.7168589,85.3094123,4.3,182,2-star hotel,https://lh5.googleusercontent.com/p/AF1QipPQCHgJnTRpIVBSPeHFbrrqdfuBBELUWiVp5E7a=w1200-h1200-k-no,"NPR 1,451",Free Wi-Fi,Wi-Fi,Airport shuttle,Restaurant,hotel
OYO 260 Hotel Cultural Inn,27.7028045,85.3507363,4.0,116,3-star hotel,https://lh5.googleusercontent.com/p/AF1QipOZwLSoPBtw23upBykOq4z-elkAzTBmgxVQXT-M=w1200-h1200-k-no,"NPR 1,500",Free Wi-Fi,Wi-Fi,Restaurant,,hotel
Monkey Bunky-3Monkeys Backpacker's Hostel,27.7141055,85.2846024,4.8,50,Hostel,https://lh5.googleusercontent.com/p/AF1QipN2xL9R-9ozniCz7eet91b1IOqFtH3evlZwV0hG=w1200-h1200-k-no,NPR 767,Free Wi-Fi,Free parking,Wi-Fi,Airport shuttle,hotel
Gurung's Home,27.7215929,85.305508,4.6,157,3-star hotel,https://lh3.googleusercontent.com/gps-proxy/AE4_-5G1Ga-jJ_VrQNKOOt3O0zmztOYyNIrmZ1xSIBigHd5hnEX3dwDFPCMKIpyxRf2YI0nkTl-8Uiwk6llmiVv7mrtfu3jJ65-WIZqy9aRxiAHIsATRB8gsiLDKsm3-vmluQvX9yxlWEERfz_yqexx7qOWTjxactVGychNRYKHfXY63s_bJL8V79wgh=w1200-h1200-k-no,NPR 920,Free Wi-Fi,Air-conditioned,Breakfast,Wi-Fi,hotel
Hotel Ace,27.7153129,85.308464,4.1,38,Hotel,https://lh3.googleusercontent.com/gps-proxy/AE4_-5EVbHP4LxxFD1Pcw2e9ThRnlCypwPjy_T9rW1hhSYUAaE1MuH6694zeYoM3tSIQ4ZH_i1LJ2hG-kHhHwQscTT0m2R-PvjYW5zRS1mnrDhjTEZo08Po7fXR9HuCnUHEihf8cdTCoBx9hAIgz2OVdMQXGkr1P7QGKFN5bCFF-1j19RY_rONS2TcJx=w1200-h1200-k-no,"NPR 1,641",Free Wi-Fi,Air-conditioned,Wi-Fi,Airport shuttle,hotel
Hotel Maya Boutique & Apartement,27.7121354,85.3133435,4.5,138,3-star hotel,https://lh5.googleusercontent.com/p/AF1QipOZjI2MqJ0Rs3hMrmekn4R6U13SQu6fUCS9YipD=w1200-h1200-k-no,"NPR 4,141",Free breakfast,Free Wi-Fi,Air-conditioned,Breakfast,hotel
Family Peace House (P) Ltd.,27.7182067,85.3083462,3.9,47,Guest house,https://lh3.googleusercontent.com/gps-proxy/AE4_-5FHXqsxHqlOXfUAWzcdnjEVtrf2zF3gl6foGXwYmSN7vPxOqWHyHJ9Km8XRUH7sQPPIwax5ykCNcVG3DH2hypfRNPYpCTEz9T2L4ctoq3ZfuttS6iXz2wxIb9jXthiC896DgMeytvDAc4BcxTcdl6TLPah7zAuhAZLjVT9yYcytk2zBe9ZdJtHL=w1200-h1200-k-no,NPR 946,,,,,hotel
Alpine Hotel & Apartment,27.7176074,85.3106765,4.4,289,3-star hotel,https://lh3.googleusercontent.com/gps-proxy/AE4_-5Fi94WwJ0M3UXnaxR7TJgkjOaeS_6_4hS0bvFARvItpNKqWE92S5Ec5JnVQxwH2lrRRVchqTcR0rsRaqV3-1OhrSoRTlYeDtYXN33KoC4f6EPHWHQ6SFg6aHgnLkGiBHYlanJyp1FUiCJprPjfksu26X4iDJY1aaP2VDSnmMUnrMVJm2jts2TZ2=w1200-h1200-k-no,"NPR 2,348",Free Wi-Fi,Air-conditioned,Breakfast,Wi-Fi,hotel
BigTree Hostel,27.7168605,85.3078721,4.4,97,Youth hostel,https://lh5.googleusercontent.com/p/AF1QipOykIh57M9QT2m_R5q2TtI3-Z2o7X4uD-6FIlE6=w1200-h1200-k-no,"NPR 1,009",Free Wi-Fi,Wi-Fi,Restaurant,,hotel
Harry's Home,27.7183638,85.3075067,5.0,1,Hotel,https://lh5.googleusercontent.com/p/AF1QipNV0PuEjdE2fY_IAmFYcOWadnBV9rOOFt2xImJ8=w1200-h1200-k-no,"NPR 1,643",,,,,hotel
Vastu Boutique Hotel,27.7122897,85.3133802,4.9,171,Inn,https://lh5.googleusercontent.com/p/AF1QipPTQ_n7LevdHE9K817d0h_kp5tSDGD3Tila19-m=w1200-h1200-k-no,"NPR 6,111",Free Wi-Fi,Wi-Fi,Restaurant,,hotel
Swornim Boutique Hotel Kathmandu (P) Ltd.,27.7171498,85.3305503,4.3,96,2-star hotel,https://lh5.googleusercontent.com/p/AF1QipO1UlAe3HQsMIjI2GWhGkok7Kut5a9EaKrR4gpS=w1200-h1200-k-no,"NPR 4,418",Free Wi-Fi,Air-conditioned,Wi-Fi,Restaurant,hotel
Shangrila Boutique Hotel,27.7134231,85.3134536,4.2,135,1-star hotel,https://lh3.googleusercontent.com/gps-proxy/AE4_-5HwKMQ_iTmyFpTMHY0qMUB7yxAslcqweFxNyeFa9CKb6orglEswTjBbmVJCP08044Kp4iVG0ahaqjjATjBduPw1bcSHx5eVcCryN8naM0iRfbD5T9n3j5QwAAdxUJUou_tFxJdwbEhfQEtKIn-reaF5TW3ZXhbPUAe7DYalpEolUbgGF_vvceWj=w1200-h1200-k-no,"NPR 2,271",Fitness center,Free Wi-Fi,Breakfast,Wi-Fi,hotel
Hotel Lapha Pvt. Ltd.,27.7191983,85.3147633,3.8,116,Hotel,https://lh5.googleusercontent.com/p/AF1QipNYcMDZp3GEJy63mgn-ZinBk24BFaJbSj3qGDoN=w1200-h1200-k-no,"NPR 1,916",Free Wi-Fi,Wi-Fi,Parking,Restaurant,hotel
Kumari Boutique Hotel,27.7123292,85.3133856,4.8,532,3-star hotel,https://lh5.googleusercontent.com/p/AF1QipMhKF5DgwsNe2viIvHgH1GBSYr_vv12P26uGNc=w1200-h1200-k-no,"NPR 6,117",Free Wi-Fi,Air-conditioned,Breakfast,Wi-Fi,hotel
Hotel Jampa,27.7162694,85.3107478,4.7,526,3-star hotel,https://lh5.googleusercontent.com/p/AF1QipMecr7N8EUg5FPJSNAwjYZ_BkPAw9VAenuE0jiv=w1200-h1200-k-no,"NPR 4,979",Free Wi-Fi,Air-conditioned,Breakfast,Wi-Fi,hotel
The Amadablam Hotel,27.7055169,85.3479152,3.9,883,3-star hotel,https://lh3.googleusercontent.com/gps-proxy/AE4_-5GYu1bzfgmOZjjVnTIKmyAIgRhnVqKzt6kHsHLM9djQNHouEG8uRKBGw5pypt461xtzQbKXzbFuQM154m0MIglqOjQl9oC04oMtoDtXVqDqHtrRYsgBMR2CCIL4qdHc26ipo4wXBblvRHWY9pEibygy27iHj-qPC-SOCFTJ7kO6iHuS2dIfg-tK=w1200-h1200-k-no,"NPR 6,254",Spa,Fitness center,Free Wi-Fi,Free parking,hotel
Karma Hotel Nepal,27.7162746,85.3109678,4.9,117,Hotel,https://lh5.googleusercontent.com/p/AF1QipOXOEuQ0uF5_EVNVMKju9L6JhQeNhz1B1uW54ZX=w1200-h1200-k-no,"NPR 2,925",Free Wi-Fi,Air-conditioned,Breakfast,Wi-Fi,hotel
Woodapple Hotel and Spa,27.7166397,85.3079675,4.6,132,Hotel,https://lh3.googleusercontent.com/gps-proxy/AE4_-5FiQmruRfoNAlP3DToFkp8hEcy7Upkdsi-7NGihIHcOH4y49P6FJJSg6C0AbSzbI-ig8uWVpWk7ygDYzE12O8_Lazu8ok90vntnzqP-IGxsXFK2vxTYeV6Rky8253J4kP2A-hMzyewCFlqeHFm-DGEDq2n6xl1e-ILnhJNXCvbCfJOpvuuZahKB=w1200-h1200-k-no,"NPR 5,914",Spa,Fitness center,Free Wi-Fi,Free parking,hotel
Ocean Inn,27.7218216,85.3598547,5.0,12,Guest house,https://lh5.googleusercontent.com/p/AF1QipMsKdx00hXOwenHzfBtRwClXFTxI6Mbdx36VYo3=w1200-h1200-k-no,"NPR 1,787",Free breakfast,Free Wi-Fi,Free parking,Breakfast,hotel
Hotel Dolphin,27.7173964,85.3120705,3.9,72,2-star hotel,https://lh5.googleusercontent.com/p/AF1QipN-qhiaVFlAPemAtHwqUWZV3Wim3J1zHB9d2tiW=w1200-h1200-k-no,"NPR 1,446",Free Wi-Fi,Breakfast,Wi-Fi,Parking,hotel
Hotel Wawa,27.7182041,85.3243963,4.3,84,Inn,https://lh5.googleusercontent.com/p/AF1QipNFdo-wy4raF5iRDC4REFF4wl0tpc_sS1DBUlsN=w1200-h1200-k-no,"NPR 4,200",Free Wi-Fi,Free parking,Air-conditioned,Breakfast,hotel
Nirvana Green Peace Home,27.7179555,85.3083273,4.0,79,2-star hotel,https://lh5.googleusercontent.com/p/AF1QipNxOdJLqcTzTxq6hFnUN6cT6dG-fENFxFVhA5jg=w1200-h1200-k-no,"NPR 1,005",,,,,hotel
Hotel Sapana Garden,27.7175771,85.3109354,4.3,138,3-star hotel,https://lh3.googleusercontent.com/gps-proxy/AE4_-5G366tLseeBhbKjAtk-llEd8UDZZHFVvbzVY2ZfMqZDR-nkC9_9kzWt7xY1ClRzRZSa8QtKLxGchmUI8bnl_R_KQNUPrXorMLxiBy8NNcBslaHvO3Jo0DJIpv3b94kHkCGwISIhXL1AU-3_hD-sgY-lwFYHKFRWuYxVLFo8R8MrIZe20BZ3HrtkOA=w1200-h1200-k-no,"NPR 3,879",Free Wi-Fi,Air-conditioned,Breakfast,Wi-Fi,hotel
Flock Hostel Kathmandu,27.7172244,85.307972,4.4,182,Lodging,https://lh5.googleusercontent.com/p/AF1QipNJlPvgC-yG0a3MidCrNeayGAzaLnUROFmm5bB_=w1200-h1200-k-no,"NPR 1,916",,,,,hotel
Durbar Hotel & Residence,27.7122547,85.3092927,4.3,49,Hotel,https://lh3.googleusercontent.com/gps-proxy/AE4_-5FqcRC7pVfJ-NqHqM0H1VDCMBGaJc7uBm6sO0pavd5jPz5OtvjWysPbDc1pmJjXydFJk-FAiNdg7sAiC7BDzEfN87cITjt1URVQo4_1IoNUnGpyW8hjH4ka0ofYUiNOnFTyz9zNhtR-uuQtB3eiR1jNqW7o3G64F1cg9n6JDRQxXE3pF8K4_1Hz=w1200-h1200-k-no,"NPR 4,849",,,,,hotel
Newa Home,27.7152927,85.3070449,4.6,146,3-star hotel,https://lh5.googleusercontent.com/p/AF1QipMsuS7cMm2gx89E9AE_D6GeqxekuQE3j6lir0ak=w1200-h1200-k-no,"NPR 1,656",Free Wi-Fi,Air-conditioned,Wi-Fi,Restaurant,hotel
Hotel Pomelo House Inn,27.7119399,85.3070536,3.8,246,2-star hotel,https://lh3.googleusercontent.com/gps-proxy/AE4_-5GclM32Eg9tUeBetfxblqmRJOmXilGaRApjx7jv90z9VgxXVctyUMUkZYPkHTcqXRblF-vYAcYphX8QtkD-FhywopHwqyTQzjPdhHsoK3wGM3CJbs2HVpEo1ajMHZbk3Q0lpuK03Brwo5b_FFJR3U2aCfy6oM712YZOtBge6sWhyHsCkv2bayw=w1200-h1200-k-no,"NPR 1,703",Fitness center,Free breakfast,Free Wi-Fi,Free parking,hotel
Capital Boutique Hotel,27.7118344,85.3128696,4.7,56,Hotel,https://lh5.googleusercontent.com/p/AF1QipNwjWGzm0Y5sam90faIz0bDzE72WfgIZIwrlf0F=w1200-h1200-k-no,"NPR 4,045",Free Wi-Fi,Air-conditioned,Breakfast,Wi-Fi,hotel
Everest Boutique Hotel,27.7156267,85.3070626,4.4,119,Hotel,https://lh5.googleusercontent.com/p/AF1QipNoevDhV0MrDKFC3NBxfKmyr_NGDz4XjIoMzbZf=w1200-h1200-k-no,"NPR 7,096",,,,,hotel
Aloft Kathmandu Thamel,27.715843,85.3132159,4.6,1914,4-star hotel,https://lh5.googleusercontent.com/p/AF1QipP-Cw-GwRNDKQGCVDy_DcZBVgtceakZp6R6pbQc=w1200-h1200-k-no,NPR 19.3K,Pool,Spa,Fitness center,Free Wi-Fi,hotel
Hotel Mums Home,27.710924,85.3128451,4.4,203,3-star hotel,https://lh5.googleusercontent.com/p/AF1QipNsoyAbncXO77OnvGViO1Dj9xQkgitsee2CJdWV=w1200-h1200-k-no,"NPR 3,942",Free Wi-Fi,Breakfast,Wi-Fi,Restaurant,hotel
Kathmandu Grand Hotel,27.7173711,85.3102138,4.4,61,2-star hotel,https://lh5.googleusercontent.com/p/AF1QipO6fsCIdJUVO7NaXvGxA3IgoXUoKuG-FpetPlpa=w1200-h1200-k-no,"NPR 3,375",Free breakfast,Free Wi-Fi,Air-conditioned,Breakfast,hotel
Drishya Hotel,27.6943218,85.2847238,4.7,113,Hotel,https://lh5.googleusercontent.com/p/AF1QipON1ndHoqdCIHuSyiUvbPFnhd9oqTENfuiIhOUe=w1200-h1200-k-no,"NPR 3,785",,,,,hotel
Kathmandu Village House,27.7169415,85.3119047,4.1,76,Hotel,https://lh5.googleusercontent.com/p/AF1QipOt5mucyKZ9YUdhomuyq_LgGDqacG8s_pWvX-Nb=w1200-h1200-k-no,"NPR 1,288",Free Wi-Fi,Wi-Fi,Restaurant,,hotel
Hotel Jay Suites,27.7115512,85.3128983,4.2,150,3-star hotel,https://lh5.googleusercontent.com/p/AF1QipN8YtFGBXcynjNVbcdikohxVI_zbEdwKr0zBWj_=w1200-h1200-k-no,"NPR 4,140",Hot tub,Free Wi-Fi,Air-conditioned,Breakfast,hotel
Ai Boutique Hotel,27.7156543,85.3098582,4.8,169,3-star hotel,https://lh3.googleusercontent.com/gps-proxy/AE4_-5GOQDtn1fNi8Ha3G7mq7bfgOp3RgaLzVHLHF7IVCI48P3GA9Kmi1i90Pvot-kj9ewGklLb94CQV_puwDxjRuca5XzmowniGCzdp-kc-0FYPs4IygqOV2jRnIIIwdlljrdbwAQmZbPeqymm6zubtd3bRBpbC85R8l-FTd8HRxPxAHNSB3KD5rMI0Mw=w1200-h1200-k-no,"NPR 4,879",Free Wi-Fi,Free parking,Air-conditioned,Breakfast,hotel
hotel green orchid pvt ltd,27.7173414,85.3097051,3.6,179,3-star hotel,https://lh5.googleusercontent.com/p/AF1QipMxXNDI7ZlPvTsMrGQQ_ms3soSe4wnJ3lGvRJNF=w1200-h1200-k-no,"NPR 1,301",Free Wi-Fi,Breakfast,Wi-Fi,Restaurant,hotel
Subha Guest House,27.670133,85.428454,4.0,99,2-star hotel,https://lh5.googleusercontent.com/p/AF1QipODIAYRhpTeFCFDkFxyUMKtUdl1LrN5llhxR8EU=w1200-h1200-k-no,"NPR 1,967",Free Wi-Fi,Wi-Fi,Airport shuttle,Restaurant,hotel
Siddhi Home Hotel Bhaktapur,27.671265,85.429573,3.5,44,3-star hotel,https://lh3.googleusercontent.com/gps-proxy/AE4_-5H3ldwM5QW6gFR3rYUbCH2aC3baFqUhqHOtmVn-gY9zneni_4SOvBpnCSSG7F8XmhUbiBwl8-DpZqxbpdAaDfYLjtUrBI5E3I5h18N7SYkQMV2JIMfKsrWAPrPyK0W5mkQWkAVPah0NKaJwgb-gBbVTP5ZWCasJX6PSh8FNuusa6R88yn2oDTQ=w1200-h1200-k-no,"NPR 5,914",Free Wi-Fi,Wi-Fi,Airport shuttle,Restaurant,hotel
Hidden Leaf Bed and Breakfast,27.6753121,85.3065684,4.1,97,3-star hotel,https://lh5.googleusercontent.com/p/AF1QipMzXkL5-kBNgbcj1AfAVtdeCqQdhI_bV9MgqJ9W=w1200-h1200-k-no,"NPR 1,727",Free parking,Free Wi-Fi,Breakfast,Wi-Fi,hotel
The Hotel at the End of the Universe,27.7233944,85.5240101,4.0,633,1-star hotel,https://lh3.googleusercontent.com/gps-proxy/AE4_-5F57sTtJCqD2EAR2T7AiSePVs2A24dXByB5edZd0kvclfLvjnlpXfz_IQi5yJF9ozfg830SA_NyrSWhAqvwW-HwSTKIQ0rY_wv3H1QIY2VStzogE8OGBrd8v4C5sbDoy_IWek-YWU0KoEo5xZPSBBpdSFejmciTX50Qt9um7UiHyiNfKpKcy7vr=w1200-h1200-k-no,"NPR 1,308",Free Wi-Fi,Wi-Fi,Airport shuttle,Restaurant,hotel
Hotel Vintage Home,27.6729184,85.4291016,4.7,91,3-star hotel,https://lh5.googleusercontent.com/p/AF1QipMkJ3Bsjg5joJnOt8qfa0cf0PnHKtX7KiWnfQqo=w1200-h1200-k-no,"NPR 2,176",Free Wi-Fi,Wi-Fi,Airport shuttle,Restaurant,hotel
Green Mandala Inn.,27.7438625,85.3696935,4.6,77,2-star hotel,https://lh5.googleusercontent.com/p/AF1QipOF_PV683KUHGkAyKuYVqJi3cfKIZu0Js9YRhRO=w1200-h1200-k-no,"NPR 1,656",Free parking,Free Wi-Fi,Breakfast,Wi-Fi,hotel
Hotel Bhaktapur Inn,27.6743835,85.4283577,4.3,108,2-star hotel,https://lh3.googleusercontent.com/gps-proxy/AE4_-5G1b5yuNW0ixYexHADZw-8EB4ffver1v7ixml0VICRY6qoi3r41Ja0Ev7B6q_wgQ6ObHl-PhBq2RzptsbauY7DmmxprU0rFDZWiZeZcmGZaJnU5QLwkBMsRof8V1kihugH0JPR54pWszDjzh_qUg0MkM8CT6lR7g96r7BgkzofOrl5Q7iRz6IIU=w1200-h1200-k-no,"NPR 2,136",Free parking,Free Wi-Fi,Wi-Fi,Airport shuttle,hotel
HOTEL CENTRAL BHAKTAPUR,27.6727749,85.4296496,4.7,29,Hotel,https://lh5.googleusercontent.com/p/AF1QipPzC_-AfCoxnd5_loA8ESQt0ZDVtD1YYQC7AUTi=w1200-h1200-k-no,"NPR 4,009",Free parking,Free Wi-Fi,Wi-Fi,Restauranthotel,hotel
Lasa Kusa Homestay,27.6656615,85.3302969,4.4,17,Bed & breakfast,https://lh5.googleusercontent.com/p/AF1QipNetJ9r-t9-DJQHqKOqxByG-_AoauR8OOieMC82=w1200-h1200-k-no,"NPR 1,492",,,,,hotel
Hotel Garuda,27.6708078,85.4288783,4.8,4,Hotel,https://lh5.googleusercontent.com/p/AF1QipP14NU640-LAaNdJB7xhwUoatMSEBnAodUQrcYs=w1200-h1200-k-no,"NPR 3,371",,,,,hotel
Hotel Rupakot & Roof Top Restaurent,27.6704161,85.4287529,4.9,40,Hotel,https://lh5.googleusercontent.com/p/AF1QipPGreIXb-nCvjuR1iU85YRZNzW32oKWE-QQRjD_=w1200-h1200-k-no,"NPR 2,661",Free parking,Free Wi-Fi,Breakfast,Wi-Fi,hotel
Sudha's Garden Home,27.722517,85.3545881,3.6,186,2-star hotel,https://lh3.googleusercontent.com/gps-proxy/AE4_-5E0DavXHgrk9CGlPTkgRzMa_VDwyLOM0TEdz1AgL3Z5-QVBBKFCdTLUrbypKI7pNz8HdArtqPyonQUfsYWEa4f-5T6yMaHqTUlEPCFLhJxTFnnPfp3-af49Iq5R2ozLZx_fNiDQ6-VuP4kzWf5eSX6gQ-rMbzxuW-ymBm8pGdvxEwamDvxc_kRquQ=w1200-h1200-k-no,NPR 942,Free parking,Free Wi-Fi,Wi-Fi,Airport shuttle,hotel
Hotel Shivam Plaza,27.7046421,85.3467577,3.6,394,3-star hotel,https://lh3.googleusercontent.com/gps-proxy/AE4_-5EMY8xKNGpuLBspkjmOfyGhd1NKYVoMfa02jOviIzLbdxZKi-oSJLCPZkIa61M4QkPqWun3h6bWWkG_8o3do9VArRfGVAQO9QOgw-iYjkxydbN3g6s8fzJP5LrNpIpPHdKlCG9C7N6jwvcRhFKurWXSm4c6IakXphwdo3kxqj0adyDe5sofVwlH=w1200-h1200-k-no,"NPR 1,510",Free parking,Free Wi-Fi,Air-conditioned,Wi-Fi,hotel
Golden Gate Guest House,27.6717055,85.4286971,3.7,34,2-star hotel,https://lh5.googleusercontent.com/p/AF1QipPsKp7iwpDn_A39pOa3alqtMWBINjURgiSfgl3t=w1200-h1200-k-no,"NPR 1,829",Free parking,Free Wi-Fi,Wi-Fi,Airport shuttle,hotel
OYO 271 Hotel Golden Three,27.613245,85.3563886,3.5,85,3-star hotel,https://lh5.googleusercontent.com/p/AF1QipOVsrm5PAfCdwsrzpFHtydREfZ9wMWOts4B0Mfi=w1200-h1200-k-no,"NPR 1,971",Free Wi-Fi,Wi-Fi,Parking,Restaurant,hotel
Milla Guesthouse,27.6742668,85.4339479,4.5,27,2-star hotel,https://lh5.googleusercontent.com/p/AF1QipOw0oNY2MT66fMLDPBI6dIyj4wpgf8OAGOkyZG_=w1200-h1200-k-no,"NPR 1,973",Free breakfast,Free Wi-Fi,Breakfast,Wi-Fi,hotel
Hotel Heritage Bhaktapur,27.6674397,85.4248778,4.3,273,3-star hotel,https://lh5.googleusercontent.com/p/AF1QipNTm_S4InPvxvFM_2JuQwGl_QT5J0D_i_ne2RvP=w1200-h1200-k-no,"NPR 7,596",Free parking,Free Wi-Fi,Air-conditioned,Breakfast,hotel
Bhaktapur City Hotel,27.6711225,85.4378277,,0,Hotel,https://lh5.googleusercontent.com/p/AF1QipPCCxWaeBPhhC8reYTQP1w87j1pfEkLmQPpnnkn=w1200-h1200-k-no,"NPR 2,957",,,,,hotel
Sweet Inn,27.6729812,85.4300503,5.0,2,2-star hotel,https://lh5.googleusercontent.com/p/AF1QipMrtncdR28Js3gQpY78x52B0gV4P1naYZp-pb8u=w1200-h1200-k-no,"NPR 1,620",Free parking,Free Wi-Fi,Wi-Fi,Airport shuttle,hotel
Langtang View Nagarkot Bed & Breakfast,27.7183968,85.5193434,3.9,220,3-star hotel,https://lh5.googleusercontent.com/p/AF1QipMmy_cDumYJq65jLQQE4rySRgJC4ApxbMH73P9g=w1200-h1200-k-no,"NPR 1,827",Free parking,Free Wi-Fi,Wi-Fi,Airport shuttle,hotel
Hotel Manohara,27.6812886,85.3607323,3.6,186,3-star hotel,https://lh5.googleusercontent.com/p/AF1QipPqrjHz3o__Dd9eQAVheoM_x53C0kZWmzUUjv1c=w1200-h1200-k-no,"NPR 1,967",Free Wi-Fi,Wi-Fi,Restaurant,Pet-friendly,hotel
Sunrise point home stay,27.7168893,85.5258337,4.8,44,Hotel,https://lh5.googleusercontent.com/p/AF1QipNCKbwEdm5goBIJw5zKqj-2VpzXpohFUGLwMe0b=w1200-h1200-k-no,NPR 920,,,,,hotel
Hotel Mount Paradise (with separate kitchen for Vegans),27.712637,85.5207655,4.3,168,2-star hotel,https://lh3.googleusercontent.com/gps-proxy/AE4_-5EzfopYTQxty7RKEHbSBUSq2Gz8ZkGjwxBJOth5vighKS6TDtZC3JWn93vSWHQvXj0F2F3iEI-lrUR3Ws7vBwXVMLdt3wfbCAkqi5vhAukGjg4qa0co_EmqHURjlP5Y8D5cMWNfEgRNWZLVGzxr0YlnoQwcVvpnV6jGSsC5ZTHrIA0L-PslspH5bg=w1200-h1200-k-no,"NPR 1,121",Free Wi-Fi,Wi-Fi,Airport shuttle,Restaurant,hotel
OYO 160 Hotel Shraddha Palace,27.7076094,85.343111,3.7,427,2-star hotel,https://lh3.googleusercontent.com/gps-proxy/AE4_-5GcR07f7b-bq6wpeLxAnBYaHtb3Zf7IGRnQrnJHg5agkRAuk_cfwYkY7pdw5P_E0qXj7eqyYvzT0SfnV5FINiFjW75byqN8OaWd3fLmYeXOJjzjlR5qeWVI8mkPBWLeISo36DwoZYWnEhxZEr7BNVYjZe03gCge9Tb1VNuHtwHLNud7-hou0mDg=w1200-h1200-k-no,"NPR 1,598",Free Wi-Fi,Breakfast,Wi-Fi,Restaurant,hotel
Hotel Osho Home Pvt Ltd.,27.7116875,85.3128125,4.2,197,3-star hotel,https://lh3.googleusercontent.com/gps-proxy/AE4_-5G8c2xuHr0jkBXvqGhDSr6zSMsW4eUJUTV6UIPR2qliQmILQeY4ptlAf_FstPODFVahvjF1ls4YA7jjRTYlbbJRJq8tYgSxFwYUDomnIWosVbz7LR_np9IrDNOHHcHDiH0TCdel354sYhRe80lBCCXNtHsYTmIk4Qqy5gAsXA1QnThvmjuUbQNMWg=w1200-h1200-k-no,"NPR 1,577",Free Wi-Fi,Breakfast,Wi-Fi,Airport shuttle,hotel
Swastik Guest House,27.6755388,85.4336981,4.4,94,3-star hotel,https://lh3.googleusercontent.com/gps-proxy/AE4_-5Fn1i5zVsbmGrnYpQsUtDTkcnGoMWG9I2caoMaDNejpMZ_A9yfXy9ZZ-HlkN0WnvI7lOQ3qlhPHO33eFoN-k6fzMgmf1mCjyUQV5p8nLW3m9oPjSECjhJ_i6jqt73lscvDQNtewc26KJIygAWUPzrzOz5BanbYqydSr4fR9pObPEyEe9wQmJ7ZM=w1200-h1200-k-no,"NPR 1,511",Free Wi-Fi,Wi-Fi,Airport shuttle,Restaurant,hotel
Dubochaur Rest House & Home stay,27.7178467,85.525255,5.0,3,Homestay,https://lh5.googleusercontent.com/p/AF1QipMfv00f4-z7kYuFO6Yne3xc0kmV16xHhPF3zNth=w1200-h1200-k-no,"NPR 1,183",,,,,hotel
Hotel Layaku Durbar,27.6733972,85.4292012,4.2,111,Hotel,https://lh5.googleusercontent.com/p/AF1QipNfciupfj5wfi6EqBzvXUf2CiuT1y4Uro97sOpQ=w1200-h1200-k-no,"NPR 2,549",Free Wi-Fi,Wi-Fi,Restaurant,,hotel
Big Bell Guest House & Restro,27.672638,85.4346597,4.1,27,Guest house,https://lh3.googleusercontent.com/gps-proxy/AE4_-5GnZRDTKCGewcPIu8nvrBiE34F1mZeWtKjF0Lft-Xi0SHxA97B22DHyJt8ZhmUfJU4HGs34cC9vrHZzKLFv2Tu3x2kpD75eK9NJho7BbP_WMgyXE1dyAIbgTDpmflLe_sohfmQx_Q2uhedOBApzYB_PLBwCmCN8eYBXzxRt6W3ok8trzZ-3AH3Org=w1200-h1200-k-no,"NPR 1,314",Free Wi-Fi,Wi-Fi,,,hotel
Welcome Heritage Inn,27.6734198,85.4242272,4.0,27,Hotel,https://lh5.googleusercontent.com/p/AF1QipOhnNGnaEpY6PPGU4YLLkPAIazXFxIuTThbHtVQ=w1200-h1200-k-no,"NPR 2,103",Free Wi-Fi,Wi-Fi,Parking,Restaurant,hotel
Tulaja Boutique Hotel,27.6729327,85.4292275,4.3,91,3-star hotel,https://lh3.googleusercontent.com/gps-proxy/AE4_-5GGXeEoSxpFjkBaQ-Snr3D76DcFS8I0SSKyE4pUb2NPuHYQHWO1uGwIAWMlNoeQ_Q7-hnE-W-EyAUmeHoMDkcyL8yRmsPnQEc8sbq0EN5N0THQ999uuRbEz7i9Gvlds0hnr4dg_WqO0gWsnpX5ytJqlIdjMFWlAsG6ubZs_jMNeu-TvaSg4NeRlmQ=w1200-h1200-k-no,"NPR 2,673",Free Wi-Fi,Wi-Fi,Airport shuttle,Restaurant,hotel
Hotel Down to Earth,27.7212883,85.3110958,4.9,14,Hotel,https://lh5.googleusercontent.com/p/AF1QipO4xNKoD4QZg98RpnxWlSKrx8tCOi1gwsjQqt-p=w1200-h1200-k-no,"NPR 1,380",,,,,hotel
Subi Homestay,27.729053,85.2830853,4.6,34,Group accommodation,https://lh3.googleusercontent.com/gps-proxy/AE4_-5G_YegCLwSnRv0Ia7nCmqB0mhdO7wHGchwX5zO7nxOOi7ulE1LAjjbqgnncHXi9GjAFGbyvuvS2eJj2VGqI2CB9h16z5oyobgfW8H2dPRlx1CTZy_MKCWXxJe5LwuoE-z7acgBQ9NZbiveWWEKdJ96KkWV29ATs3DaFbvAEMBZlpPWO6hoiqhR7OQ=w1200-h1200-k-no,"NPR 1,051",,,,,hotel
HOTEL UNIQUE POINT,27.7149254,85.5280776,4.2,5,Hotel,https://lh5.googleusercontent.com/p/AF1QipM2OFumCrkANoj6MBB021Le8WoauAKD10n5vNTg=w1200-h1200-k-no,NPR 920,,,,,hotel
Kaji Home,27.659655,85.3297742,4.4,59,Homestay,https://lh5.googleusercontent.com/p/AF1QipOgtdZcEk-RG5uYImQtKbftxbf7Wqubf_6khl5R=w1200-h1200-k-no,"NPR 1,840",,,,,hotel
Hotel R Valley View and Family Resturant,27.6790778,85.3476801,3.8,66,Lodging,https://lh5.googleusercontent.com/p/AF1QipOOKU9l0ZwXchOeZFJXaB5d357vuMDZjOCvnvhB=w1200-h1200-k-no,"NPR 1,553",,,,,hotel
OYO 776 Hotel R Valley View & Family Restaurant,27.6790688,85.3476918,3.9,44,Hotel,https://lh5.googleusercontent.com/p/AF1QipNUrcLloepWI6DdLIfvOR3ykGqhQLcrzNMxW-kC=w1200-h1200-k-no,"NPR 1,564",,,,,hotel
Ocean Inn,27.7218216,85.3598547,5.0,12,Guest house,https://lh5.googleusercontent.com/p/AF1QipMsKdx00hXOwenHzfBtRwClXFTxI6Mbdx36VYo3=w1200-h1200-k-no,"NPR 1,787",Free parking,Free breakfast,Free Wi-Fi,Breakfast,hotel
Tashidelek Guest House,27.6710745,85.430438,4.2,17,Guest house,https://lh3.googleusercontent.com/gps-proxy/AE4_-5GG5UpGaIx3k4xMpg4Q02cDN1X9zJyT-qhA3YVcCGv-ZhvG_GYJKxUvjG1fhnVZlWKElnxviqx3UBMfv_Cx8gGFpFsmIXJX72gokgP1cXHbe5w4fIx5kRwEqMoC6srX-knTbQ9LQ0gBN3uVjSxVKUoCqMYTYQsE3iWlKVDVBCgODKsE0qbvjI3rgA=w1200-h1200-k-no,"NPR 1,987",Free parking,Free Wi-Fi,Wi-Fi,Airport shuttle,hotel
Hotel New Dragon,27.7224981,85.5247027,3.5,120,3-star hotel,https://lh3.googleusercontent.com/gps-proxy/AE4_-5E1TBbygiTxlyg8EqXnd3uFYgt-B3fgcLpyLkM2aOQIlt3M_TlbLq9BImugklM-oiQQhRdHpzHDCYyMiSnnHNOUjkofgdyKuqfY8CS60gWaecnMmck8wvi2Cu9V-Y12xzP3jjnTjhypUYZ0eJGXXQeCfo3U3vozJZfmp0H_L7Lk6XGyERr3Wyun=w1200-h1200-k-no,"NPR 1,656",Free parking,Free Wi-Fi,Wi-Fi,Restaurant,hotel
"Dragon Homestay, Bhaktapur",27.6614245,85.4196105,5.0,13,Hotel,https://lh5.googleusercontent.com/p/AF1QipNUiaQyz6gBLze5Vs1y7gFdNixRNjbkjL9eUJuM=w1200-h1200-k-no,"NPR 2,271",Free breakfast,Free Wi-Fi,Breakfast,Wi-Fi,hotel
Green Eco Resort,27.6684094,85.2579934,4.3,75,3-star hotel,https://lh5.googleusercontent.com/p/AF1QipMQT2dq4zKKkywP85HX4TyZ5q8J5YRvPQXO-PZ2=w1200-h1200-k-no,"NPR 2,234",Free parking,Free Wi-Fi,Wi-Fi,Airport shuttle,hotel
Mahamanjushree homestay,27.6698892,85.4220369,4.1,9,2-star hotel,https://lh3.googleusercontent.com/gps-proxy/AE4_-5GK1Lp1RKWz4w0A2v1Th_yzyapyyz03MzPaUJhFgp4U_A2AfR7XcsKp8GbUF3UdkeDCim5Ljxev1fniFi4M8IRkbMSosJvSFtg_rrkKrY0nQoa6LZH1Im-6pEkaVA0MKbF84dN4bvaL5DMoz4ZWJNC-VZep8g4QBG3fr3em1LcfSh0gI3N-e6k=w1200-h1200-k-no,"NPR 1,313",Free Wi-Fi,Wi-Fi,Parking,Restaurant,hotel
Hotel Rising Home,27.7219951,85.3104832,4.0,5,3-star hotel,https://lh3.googleusercontent.com/gps-proxy/AE4_-5FHX3dtZJWKt-crIvtfifkeum0sYbQINKRZtqNR5LvLRSlUTI1zNwm_r8PMx2Hum8b4Kv-2oG-kDSaM1BAz27_wP8Q0JJ7wlxQOzOCSBugBQumpizrElmpbBUuArWlcfPRDU1q7O0_nQ2oijja5l2PNa4Fsq_aEUEfA8bIxsaFPIXDIg8xdXxnjYw=w1200-h1200-k-no,"NPR 1,143",Free Wi-Fi,Wi-Fi,Restaurant,,hotel
Sweet Home Bhaktapur Pvt Ltd,27.672926,85.4288641,,0,Hotel,https://lh3.googleusercontent.com/gps-proxy/AE4_-5FqpseRNxbCvGjzmEu_OeysI6XkMy3bTutcbBrge1d0nHrrMdtrUj7V9gMgscrQn3xccOOc-WRW_q8oFI-SJzxWY0saDNnfjmEoPQ8hcLYIxQ3nAs0gCKt1GFUTu8FgAhM_XIwf_sTmrPN5f2x5KDH0lGUJplr0Ly7cwriwjD6-2VEgKbdVWeOo7A=w1200-h1200-k-no,"NPR 2,245",,,,,hotel
HOTEL CENTRAL BHAKTAPUR,27.6727749,85.4296496,4.7,29,Hotel,https://lh5.googleusercontent.com/p/AF1QipPzC_-AfCoxnd5_loA8ESQt0ZDVtD1YYQC7AUTi=w1200-h1200-k-no,"NPR 4,009",Free parking,Free Wi-Fi,Wi-Fi,Restaurant,hotel
Shanti Batika Guest house,27.6792839,85.4375687,,0,Hotel,https://lh5.googleusercontent.com/p/AF1QipPqDZ_UyWh9mFiIwwq5vG_C5qiM4u1v1UHf3RIL=w1200-h1200-k-no,NPR 461,,,,,hotel
Inn Sangrahalaya,27.6727065,85.4291882,4.3,36,Hotel,https://lh5.googleusercontent.com/p/AF1QipPjnqK0ChAHTTmld6r84JJ17aFBXV9WuoYA-p0A=w1200-h1200-k-no,"NPR 2,497",Free parking,Free Wi-Fi,Air-conditioned,Wi-Fi,hotel
Araniko Village Resort,27.6574792,85.4540334,3.8,110,2-star hotel,https://lh3.googleusercontent.com/gps-proxy/AE4_-5GFRsVtdXiTNrkuYJ3d21hVsijBXft0DqtHlVyJOTwlSbGLfPjqg6PBOSh0o9mQELgQ7pcdaN-GRYn_5qRHu-B8iuEZU_QCyP2vH_laplmdQEVNLTosM8xTQSyNC5ybADgwN-J2eQadT6dh9r799QyHWf_8OwBbVOQ2ib9_ObNXe69nbtshzWY4Qw=w1200-h1200-k-no,"NPR 2,952",Free parking,Free Wi-Fi,Air-conditioned,Breakfast,hotel
Hotel Backpackers Inn,27.7134097,85.3136508,4.4,188,2-star hotel,https://lh5.googleusercontent.com/p/AF1QipOemIkXlruAU35_ZlFKpLGTZw7BFkjF6DehYCHY=w1200-h1200-k-no,"NPR 1,297",Free Wi-Fi,Wi-Fi,Airport shuttle,Restaurant,hotel
EAGLE NEST HOTEL,27.7163137,85.428828,4.9,37,Hotel,https://lh5.googleusercontent.com/p/AF1QipPoAcwqMKS3KiUuaEiPI5Utt4w2sKNkRrxDlI8z=w1200-h1200-k-no,"NPR 2,628",Free breakfast,Free Wi-Fi,Breakfast,Wi-Fi,hotel
Mums Homestay,27.7311026,85.2845758,4.6,196,Bed & breakfast,https://lh5.googleusercontent.com/p/AF1QipPP17xlNMSBd4eZf7cRlG7VuaNWwaF12fC5ja4U=w1200-h1200-k-no,"NPR 1,288",Free parking,Free Wi-Fi,Wi-Fi,Restaurant,hotel
Monkey Bunky-3Monkeys Backpacker's Hostel,27.7141055,85.2846024,4.8,50,Hostel,https://lh5.googleusercontent.com/p/AF1QipN2xL9R-9ozniCz7eet91b1IOqFtH3evlZwV0hG=w1200-h1200-k-no,NPR 767,Free parking,Free Wi-Fi,Wi-Fi,Airport shuttle,hotel
Hotel Sweet Dreams,27.7157602,85.3111302,4.5,11,Hotel,https://lh5.googleusercontent.com/p/AF1QipN1J178srs0sWh-R6SBRyfvGDdUP0zABNfJ_iKo=w1200-h1200-k-no,NPR 920,,,,,hotel
Hotel Himalaya,27.6841382,85.3193951,4.1,2641,4-star hotel,https://lh3.googleusercontent.com/gps-proxy/AE4_-5FDmoLfWRbvxscaE-U0-fJuH74BVFOfHNEz1ztWTB4j46mDtyhCiHo_Qrxrozdn0rXx5zvpYGO7OxZENvpGVRORp4p0THvOSaAksO5ChT4rYtJyc-vz62DHKg_TKS70_l59IQeDxL-RlCINZnXPvNsISje3lbbt65-lBW7oFxDTJD0zSRWd6on7=w1200-h1200-k-no,"NPR 9,580",Pool,Free parking,Free Wi-Fi,Air-conditioned,hotel
Hotel Empire & Rooftop Restaurant,27.6717193,85.4292906,4.1,65,Hotel,https://lh5.googleusercontent.com/p/AF1QipMgmGg6r_YAJQT4FpUnFpEfcHl-PLdI9b8REewN=w1200-h1200-k-no,"NPR 2,891",Free parking,Free Wi-Fi,Air-conditioned,Breakfast,hotel
OYO 412 Sunrise Moon Beam Hotel,27.7190469,85.5206088,4.0,120,Hotel,https://lh5.googleusercontent.com/p/AF1QipM7s4wR2L3ZgynhOP8NfcuVK2t2_mlH5Ua8YNzL=w1200-h1200-k-no,"NPR 1,314",Free Wi-Fi,Wi-Fi,Restaurant,,hotel
HOTEL SISTERS HOME,27.714929,85.310591,4.2,52,3-star hotel,https://lh3.googleusercontent.com/gps-proxy/AE4_-5ETFVNABHlP2uMHhg_4r1kO0h_7w-kctTusW_jtFAV_77jfS8-Pw8f0bYjTwSTYeyf9rLRxIMfjy6zHmKyqtfomCl2fYhNv0oYF7kUyAua6yRCfRF-icpSBC7OOoqA5hQ5uCdzrhanFfoJjA3rz0GiDQzHvYZVzv0Stk0Z9tjAUymNj8zfq7Ug3=w1200-h1200-k-no,"NPR 1,183",Free Wi-Fi,Wi-Fi,Airport shuttle,Restaurant,hotel
Palisade Resort,27.6479316,85.4655629,4.7,33,Hotel,https://lh5.googleusercontent.com/p/AF1QipM_6CdQlXRYmJaNa1j33HjZAqmBdnoGkmaFJD9Z=w1200-h1200-k-no,"NPR 4,554",Free Wi-Fi,Air-conditioned,Breakfast,Wi-Fi,hotel
Nayagaun Village Resort,27.7143281,85.5201279,4.6,23,Hotel,https://lh5.googleusercontent.com/p/AF1QipM8yG_nEzeZuANtpJVgURWxEDOeZHO9-9WJV2_F=w1200-h1200-k-no,"NPR 1,971",,,,,hotel
Paradise Guest House,27.7172421,85.3090994,3.9,92,Guest house,https://lh5.googleusercontent.com/p/AF1QipMZn1WPDcDJWSlbeDgEw4N0R4UDNrs5V17U33f4=w1200-h1200-k-no,"NPR 1,314",Free Wi-Fi,Wi-Fi,Airport shuttle,Restaurant,hotel
OYO 206 Mount View Homes,27.7177121,85.3612371,4.1,107,3-star hotel,https://lh5.googleusercontent.com/p/AF1QipNb7U38qoavJQIWI-42uot2n1oVJXj_cLHjvTN5=w1200-h1200-k-no,"NPR 1,850",Free Wi-Fi,Breakfast,Wi-Fi,Restaurant,hotel
The Doors Hotel,27.7154802,85.3087192,4.5,160,3-star hotel,https://lh5.googleusercontent.com/p/AF1QipOpQ1WGRBCnxBLTKfjAL3Iy1n15H2EJg7tULjKy=w1200-h1200-k-no,"NPR 1,840",Free parking,Free Wi-Fi,Air-conditioned,Breakfast,hotel
Shangrila Lodge,27.7158127,85.311232,3.3,40,2-star hotel,https://lh3.googleusercontent.com/gps-proxy/AE4_-5FLTdb_FEGUi3FnS_1-XkJSisqXeEOC6ylNU2_DqsD41YmvLfZ76WTunJSPSWZoUkY1fiMRfnp1dHxey4o1YvodhSD7_KtQLSm5ofz6aniP6dPzOg6yVcXo7-R03o1S1Jebt8eTiEPR-Oodx-ihKVS0eJT1Rhezs0mJy2-In3fx3iWfLIO6db7g=w1200-h1200-k-no,NPR 942,Free parking,Free Wi-Fi,Wi-Fi,Restaurant,hotel
Hotel Greenland,27.6728803,85.4113234,3.7,234,Hotel,https://lh3.googleusercontent.com/gps-proxy/AE4_-5E855MjWUpvEnPZpqROta6dLglOW5GNKySn5Z3MdWZ7yhvUJ9PxQ1YxBJK20Bz65UFKnfnWcA_aOAt2oqeF_pDPmgbJMcRBZ9vB79cgKIXMFQX7AVBTlykRyiBrgnmoseT6L2q-6GqItDkb5b4PGnSuZaOQYSMrG9tVufIy40_geqOvqObJN1JmVp56y5iRYC9ch5o=w1200-h1200-k-no,"NPR 3,735",Free parking,Free Wi-Fi,Wi-Fi,Restaurant,hotel
Hotel Pomelo House Inn,27.7119399,85.3070536,3.8,246,2-star hotel,https://lh3.googleusercontent.com/gps-proxy/AE4_-5GclM32Eg9tUeBetfxblqmRJOmXilGaRApjx7jv90z9VgxXVctyUMUkZYPkHTcqXRblF-vYAcYphX8QtkD-FhywopHwqyTQzjPdhHsoK3wGM3CJbs2HVpEo1ajMHZbk3Q0lpuK03Brwo5b_FFJR3U2aCfy6oM712YZOtBge6sWhyHsCkv2bayw=w1200-h1200-k-no,"NPR 1,703",Free parking,Free breakfast,Free Wi-Fi,Air-conditioned,hotel
Aarogya Hostel and Restaurant,27.7172529,85.3083827,4.8,9,Hostel,https://lh5.googleusercontent.com/p/AF1QipN8tCnTfGXGCjq3qnDDvJm3Io1h4x38bL0NMp3T=w1200-h1200-k-no,NPR 788,,,,,hotel
New Hotel Panda,27.7161934,85.3078171,4.2,122,3-star hotel,https://lh3.googleusercontent.com/gps-proxy/AE4_-5F5iZBLyKhTIXVKrA5gAGY9DsEF7VBO7d_X5OH_ZP2q1BRnICQxc-jIPG17Mxt1LRLrn5zGdCELzI5_xg4zDJDsQIAet07MdX3SWFd3UFZdU9jB3Vfb-lT9WIFEisGtQdSawa-E3Qj35kQOQhsIk6b6Qu8Lrktkxjzrly2ivW52sPQN8Ty5gnU=w1200-h1200-k-no,"NPR 1,892",Free Wi-Fi,Wi-Fi,Parking,Restaurant,hotel
Laxmi Homestay,27.6726078,85.4267954,5.0,1,Hostel,https://lh5.googleusercontent.com/p/AF1QipOlIHxAgl78F7CqIUcf-mmVUNzQApvAiQiMKXXT=w1200-h1200-k-no,"NPR 1,419",,,,,hotel
Hotel Rajdhani Visit,27.7324352,85.3102329,4.7,20,Hotel,https://lh5.googleusercontent.com/p/AF1QipOaXY0TXzwarJKXXnVH77bY7K9D5ElW6YKv9WpJ=w1200-h1200-k-no,"NPR 1,419",Free parking,Free Wi-Fi,Air-conditioned,Breakfast,hotel
Sitapaila Homestay & Apartment,27.7045565,85.2784979,3.6,11,Hotel,https://lh5.googleusercontent.com/p/AF1QipO5KcqtGVGg9PXh1tFiQUW3TMkGA1NAm3x7sJpk=w1200-h1200-k-no,"NPR 1,231",Free parking,Free Wi-Fi,Wi-Fi,Restaurant,hotel
SereneB&BKathmandu,27.7354223,85.2886619,4.8,20,Bed & breakfast,https://lh5.googleusercontent.com/p/AF1QipO_UAdcUXEAY6P-SXdcPUhpV5J_AHgRPylrkbTN=w1200-h1200-k-no,NPR 916,,,,,hotel
Hotel Shanker Kathmandu,27.7188945,85.3194684,4.3,2795,4-star hotel,https://lh5.googleusercontent.com/p/AF1QipOx9s0--i8hPeic9pnKPrSs_zEk7ng6pTamoD6f=w1200-h1200-k-no,"NPR 7,337",Pool,Spa,Free parking,Free Wi-Fi,hotel
Kumari Guest House,27.6715287,85.428745,4.6,34,1-star hotel,https://lh3.googleusercontent.com/gps-proxy/AE4_-5FzLBjaBmOAXfomnzqqhf3d-EOr5huj1bYA99jQgMQDfnIaKEKjOEaFkd9zODrDYNCMzJX1VOcuwb93UC3Kei-mu5XrDU52Oqr8GWiTe3mXvj5u8BtXPn_YhWY9j7D3UlLmJk5hVJ1ThjwKRPB8-qYtvBnFxmlUpZLFmB8MQDbGKvRQMwI1H_-9mg=w1200-h1200-k-no,"NPR 2,234",Free Wi-Fi,Wi-Fi,Airport shuttle,Restaurant,hotel
Shri Holy Family Guest House,27.7372935,85.3048366,4.9,40,Hotel,https://lh5.googleusercontent.com/p/AF1QipPoGffbG2mJXZGrQSfFASJj_CHm8KyMkz_jcxP5=w1200-h1200-k-no,"NPR 1,172",Free Wi-Fi,Breakfast,Wi-Fi,Restaurant,hotel
Andes House,27.7169344,85.3126003,4.4,196,Lodging,https://lh3.googleusercontent.com/gps-proxy/AE4_-5Hk8UmngO708b6W6_SWU0qUc3PLvlolbVMMYnbHkz1v72AhG8bO_kgNeid8Av3GRtjLC5aNvFMwEUavugIqbrcbCZrsGjjeo1k8Pe_Als0FtgMXN69uVUMeKBp6sRaT3Kiy60uzdjEorrGHpL6gjlO9tR0y5yyFlN7tEVvgLeMi4Y8_DPUFlrb_wA=w1200-h1200-k-no,"NPR 1,314",Free Wi-Fi,Wi-Fi,Parking,Airport shuttle,hotel
Hotel Satyam,27.6286708,85.5233127,3.9,21,Hotel,https://lh3.googleusercontent.com/gps-proxy/AE4_-5F9bJ1ne8lxfEDEa13hH7UbINJbhMyZlHsikYEGZwNxt8vQdX_NADUaHNjXyIqLAe9BjKipurZ18jvTK5ZLnp4plOiAJxb5sxGUsdH-CJdNsA3VEHItSbhKFxgNYKpGF07ynBeVdMhtIm4hboptUbAh6olVD6CQMlB16p5A_Qsn9EkEMTKgtTAI0A=w1200-h1200-k-no,"NPR 3,410",Free Wi-Fi,Wi-Fi,Parking,Restaurant,hotel
Madhuban Hotel,27.7207029,85.3102109,4.9,46,Lodge,https://lh3.googleusercontent.com/gps-proxy/AE4_-5EVv-poj0DFsr2bh_96cq3MHaVuNuiB3xUCeRk72_CJxws83XK8HwkUgsT7bFqjj8dmeqZWWc3cq3CtJO1vKjJ2EZ_QvETBeYSUsEx2tBW4Z3JBK-TVj8cigNw8yZb4OPVk48vHqWgTW-hHBUIKOy8uTNjxoN0wm709LDCKmY_a2gdzEIkpKfm4=w1200-h1200-k-no,"NPR 2,807",Spa,Free parking,Free Wi-Fi,Air-conditioned,hotel
Hotel River Land,27.7050197,85.348853,3.8,8,Hotel,https://lh5.googleusercontent.com/p/AF1QipMKP9fe75LlzCAijb_2IeN56PLQLErFMvPG0u-L=w1200-h1200-k-no,"NPR 1,577",Free parking,Free Wi-Fi,Air-conditioned,Breakfast,hotel
Hotel Yeti Home,27.7160919,85.3100663,4.1,56,Hotel,https://lh5.googleusercontent.com/p/AF1QipNcUDrA8ZQAjI1KV9P8NEo2wclUOU18vNgxwYP3=w1200-h1200-k-no,"NPR 1,050",Free Wi-Fi,Wi-Fi,Airport shuttle,Restaurant,hotel
Hotel Heranya,27.7187478,85.3205788,4.3,152,3-star hotel,https://lh3.googleusercontent.com/gps-proxy/AE4_-5G0ivQf_V5iuofSt2CcPn42xQwlw6NQmQjogz6Q9lpJVdVNa5Ytu0ZP4WwNVESE2u3ZkPLxM51-cb60x16jcPHioyHOry-W-cQ88mtknI1SDwaCix3HYpiZ5BHeHgrXTR6xP11BUZrrcJgidB52_pZ63WMuhnub6v3vGwamUx6cEUWf9pyjq8M=w1200-h1200-k-no,"NPR 3,674",Free parking,Free Wi-Fi,Wi-Fi,Airport shuttle,hotel
Aarya Chaitya Inn,27.7223817,85.3606853,4.5,86,3-star hotel,https://lh3.googleusercontent.com/gps-proxy/AE4_-5GdRjQ4o0luH1TXCnfVwY1MEN76XG9Pw_yxQnO9Lo56npIW7V8GvwwdWdEM0ZpzgR_0Cjbw4m8NY5sKPrKwOjXLRi5mMAgqZkGBJ3922MjevbTf0AZU_DRq1mvEMdnEap3Upv8O2kL5fT_0_4DqHj54QbX4l0oFgpTG5BAXoQTxztxJQTEecg8=w1200-h1200-k-no,"NPR 2,356",Free Wi-Fi,Wi-Fi,Airport shuttle,Restaurant,hotel
Hotel Pabera Heritage Boutique,27.7725448,85.3592681,4.5,131,4-star hotel,https://lh5.googleusercontent.com/p/AF1QipOnAL8GkW57Zq4XCWhhbpzEJ-OcicJmrrpbHZqu=w1200-h1200-k-no,"NPR 6,888",Pool,Free parking,Free Wi-Fi,Breakfast,hotel
Boudha Motel Lodge,27.7161599,85.3597607,4.3,18,Lodge,https://lh5.googleusercontent.com/p/AF1QipOPfV4DGBewwZdXLDTAr3EmkgfKr6yvTC7bo7ov=w1200-h1200-k-no,"NPR 1,452",,,,,hotel
Hotel Bhadgaon,27.6670421,85.4248424,4.7,184,Hotel,https://lh5.googleusercontent.com/p/AF1QipNztAE4pBZTIxEc3gqva0kXKFqbEMCuJuPd_3jD=w1200-h1200-k-no,"NPR 7,775",Pool,Free parking,Free Wi-Fi,Wi-Fi,hotel
Hotel Encounter,27.7187797,85.3122899,4.2,296,3-star hotel,https://lh3.googleusercontent.com/gps-proxy/AE4_-5EMCilkEIxCDH-Oerxz-9qMw0xOPlNar-wqzzC1oqUrpOWXHa_SNDyFCXjKNDJpHURjFji09EuarmKKp82ZxoLThobD3aACfMmFZV1FgGPKPxlz51ypH2hWm4FOhBim1GSTjGIwMt1nKY15pP7uSRu1fQCOc_MXvd2ezOx-ew5Ivy1ka7udHjo8SQ=w1200-h1200-k-no,"NPR 2,896",Free parking,Free breakfast,Free Wi-Fi,Air-conditioned,hotel
Bhaktapur Paradise Hotel,27.6590823,85.4232573,4.2,127,3-star hotel,https://lh3.googleusercontent.com/gps-proxy/AE4_-5GimRCU_0y5KD_NB1dF-IUaopeCdDHN0QPaDbEGL4qSMKYNAX4HJI_xJuh72k6Lb1r1d1cEGFGMFTlVBIbEtgwbRsQVTOjQPuzp1mVbEqP5DINblWg2uT0xH93Qx3a_3Qqd-m2iuR2wQphqgURBDQuAfMvUwkVRNdOXvPO_YjE9plvos1w6yHq1oA=w1200-h1200-k-no,"NPR 6,571",Free parking,Free Wi-Fi,Air-conditioned,Wi-Fi,hotel
Hotel Country Villa,27.7263508,85.5252773,4.4,2048,3-star hotel,https://lh5.googleusercontent.com/p/AF1QipMP5d7Xk7a5qqcWOwthy8yPlZTlsr0F-mPhLMFL=w1200-h1200-k-no,NPR 10.5K,Spa,Free parking,Free breakfast,Free Wi-Fi,hotel
MeroStay 119 Inn Sangrahalaya,27.671742,85.428475,,0,Hotel,https://lh3.googleusercontent.com/gps-proxy/AE4_-5HaWZLgPpjdCuAYDGhSe9Mtb0l2y8xGwCmJ1XlQAsJi_YWzvPS4J3DoOYBmCjVTdJXDtgLWZLhiKEmy6glj02ENdG5V6zP8ZMfN-yceWQdOsjKYFGrWfWYBr8zKixD_VUzf6Srs45r7kFHYCyk-AMIdQSvgYApKo_T1XKhY1UtlW4bBOuzj_YLk=w1200-h1200-k-no,"NPR 3,125",,,,,hotel
Shiva Guest House,27.6718384,85.4286405,3.9,92,2-star hotel,https://lh5.googleusercontent.com/p/AF1QipN2-X-A1xyaOaKjh5Qr3_8eNZq5vhgLMCzdJVWY=w1200-h1200-k-no,"NPR 2,821",Free parking,Free Wi-Fi,Wi-Fi,Airport shuttle,hotel
OYO 136 Hotel Om Plaza,27.701887,85.3504671,3.7,86,3-star hotel,https://lh5.googleusercontent.com/p/AF1QipPxBDfeImr4fZYM_Gq3uPf0WSvVCeM9RH1-ViQk=w1200-h1200-k-no,"NPR 1,700",Free Wi-Fi,Breakfast,Wi-Fi,Restaurant,hotel
Hotel Clarion,27.672255,85.316535,3.7,132,3-star hotel,https://lh3.googleusercontent.com/gps-proxy/AE4_-5HVsUTH7gcy3yukRwVo9VX7PsV_O0F0LJ7eQg9_1Pa_lWm3n1cab3DbRGVI_VyEGoq6VDy3nGso9pK7-WTlR579P4DD1zw-xlq6TR2o7ea_b7YLbHPA_9qY_vr-U1TN2vj2zAChtQhmLnLXwV-WKue_41KirPSx_ciY7uc5lmZmhZuKSMHdlCs=w1200-h1200-k-no,"NPR 4,756",Free Wi-Fi,Air-conditioned,Wi-Fi,Parking,hotel
Shaligram Hotel & Spa,27.6710767,85.3117064,4.4,800,5-star hotel,https://lh3.googleusercontent.com/gps-proxy/AE4_-5EuEKOzo-lu5wXoeKpsHF4UfRJiS_YvWk8sfIv8Rr_O0bVFGmJFGbzeROJcN_iJvdq4uaUR8d46PXYeVTc0_ODGyroDGF30U_zv0OXIWBXH0ieRIuxsaCmOR-c2Rfjnivspjv55BUDOylw1ks6WtvGWUASwhav6cgNvj3po8jECNDFwziSTJLhbu46XfRnY_P2h4w=w1200-h1200-k-no,"NPR 8,718",Pool,Spa,Free parking,Free Wi-Fi,hotel
Shangrila Blu Hotel,27.6826879,85.3145907,4.3,183,Hotel,https://lh3.googleusercontent.com/gps-proxy/AE4_-5HLTkC3IbZk4kdTmPwey88KAlS7Ui8LMSmy265LLM05YbMWlmqkf4BkkxqbdxM0u_QEjDA8jIe68quX_CXtVCsd6LbqIueJ0ZnpXn76wCq-Ref2hQ90YxXKyvEaVWRjyFiTj4BpgPZX77w33-DEDvVUg_tlx8mlZjqnBqH4Y_kuwZliWgR_R3Km=w1200-h1200-k-no,"NPR 8,542",Free parking,Free Wi-Fi,Wi-Fi,Restaurant,hotel
The Inn Patan,27.674351,85.32592,4.6,101,3-star hotel,https://lh3.googleusercontent.com/gps-proxy/AE4_-5G_QEeph97E4wkq7GCaHDH7DwIyNZDtgIu0PWEzmRodt23l_n_CpicBtt7lpZ0fFJ7OATGRtp4z9siS2RSYTiSF7-fsdEpc3HiqIPBXWpGanvewSy3RECWPT2BE0d_02gG5Ae_nIMjXXZ6A0ejDtPsEKZj7T33VELIMBgsfHXRButFZb4BKhrJ7wQ=w1200-h1200-k-no,NPR 11.1K,Free breakfast,Free Wi-Fi,Breakfast,Wi-Fi,hotel
Sarovar Residency,27.6705275,85.3114515,4.3,75,Hotel,https://lh3.googleusercontent.com/gps-proxy/AE4_-5HfcAMCWPOK9wq1tqgj2RgjjRYIn0l-NWGOKI8Dz-mdsliaX_p-6Z-f3h--NkzaRFMd8hbejUmy0A5fTIf5jy4jNi1unGgV0VB5LeqU5mABvI9Mhz2mslLZaBXoSHNlRSH3e1ubLDWK1mDy20NYvE_0XywjAxtt65F6_3Zj36NOhpNiC2_fxS4NqA=w1200-h1200-k-no,"NPR 7,885",Free parking,Free Wi-Fi,Wi-Fi,Airport shuttle,hotel
Traditional Stay - A Boutique Hotel,27.6753542,85.3251982,4.7,31,Hotel,https://lh5.googleusercontent.com/p/AF1QipMo9IroCNv0wuP9pPBAOajCirkuTPEanJXUTU-N=w1200-h1200-k-no,"NPR 7,885",Free breakfast,Free Wi-Fi,Air-conditioned,Breakfast,hotel
Shakya House,27.6791254,85.3254774,4.5,71,2-star hotel,https://lh3.googleusercontent.com/gps-proxy/AE4_-5EtSTLF1BGWa-rnR4esD7F1yCmHnMHSDDjvD1ikMNhcIhUG51zSqqY0UXimKDaAXsvgIRU6wB_tDPo91d3Dob8OPaWXMJ37G8YQA-B1NshNUEhdnhKloXcogcNnIufChgH_VvP09ngN91nl8XW8PjaDU7x3Z4LnNLo_fNKFD1P4NTbjLdqXHuI=w1200-h1200-k-no,"NPR 5,388",Free Wi-Fi,Air-conditioned,Breakfast,Wi-Fi,hotel
HOTEL SIRAAJ,27.6713104,85.3162841,4.0,36,Hotel,https://lh3.googleusercontent.com/gps-proxy/AE4_-5GTbJqCftbGiGwiyxxWOuZjV9_cU6hUus4CqdzdDyfEBG8SEBgsfQCOzaptTRgZso3851XJB-k_sH7iZSTNET5xSPbapxGCYrIvHgpHIcZx3hICGyrcoaNjnY6WPyYqZtqls62SDyIJIT1ZM1nNd7-XDflM5z_KfHZVlVaBmRA31uHgrHn0Ey4=w1200-h1200-k-no,"NPR 2,497",Free parking,Free Wi-Fi,Air-conditioned,Breakfast,hotel
Hotel Shining Star Krishna,27.6881642,85.3066185,4.2,6,Hotel,https://lh5.googleusercontent.com/p/AF1QipN210JlhZLcVVamEfbt7t8x53QZaE1x65Lmg2mz=w1200-h1200-k-no,,,,,,hotel
Heranya Yala,27.6694008,85.326473,4.3,72,Hotel,https://lh3.googleusercontent.com/gps-proxy/AE4_-5G1crGW7kHpziR8KCW0YZPVe3rotfB3D5-knoclw3iSmDWwa-NgUaRyxub3oaRrakNs2gaj0474gN1D7ZUoNCsRgf8WPll_4LtGhSSGR-3FuSclKRrntUXFE1GdgeHcopvltYD8n55pA0ec2kecPiT8ijvf0Tf8uN2thE0ZV4dhn0uSo0hGFV3VMw=w1200-h1200-k-no,"NPR 3,417",Free parking,Free Wi-Fi,Air-conditioned,Breakfast,hotel
Hotel Goodwill,27.6670962,85.3267241,3.7,237,3-star hotel,https://lh5.googleusercontent.com/p/AF1QipPxMNXtgsF9kuZZAPpdwygI7CbjBGOpnE9IyEst=w1200-h1200-k-no,"NPR 7,587",Pool,Free Wi-Fi,Air-conditioned,Breakfast,hotel
Square hotel,27.6782676,85.3133435,4.1,44,Hotel,https://lh3.googleusercontent.com/gps-proxy/AE4_-5EeUeMyWOt8IznYhY-GO_L5ZTrYxOwpcbo1O4RyYgolBauSMioLZVc3rLPcJHX34--gOT7FyO-hUHRY6ZZflxhsJWGDpIvQA-XrR_1GWrJnYoP_hYAWrX62AMiIWr51mfdduX_5UTN-g-zw3q-Wl70magCcOzJJ8P0bX5gKW9AalfcFsk8D872Z=w1200-h1200-k-no,NPR 16.3K,Pool,Free parking,Free breakfast,Free Wi-Fi,hotel
Hotel Hungry Treat,27.671957,85.315941,3.8,72,Hotel,https://lh5.googleusercontent.com/p/AF1QipOfH0UGD2YMFaoWErAiXPrFTClTwdEUP_NhZDYo=w1200-h1200-k-no,,Free parking,Free Wi-Fi,Wi-Fi,Restaurant,hotel
Pacific hotel,27.6689995,85.3252862,4.0,6,Hotel,https://lh3.googleusercontent.com/gps-proxy/AE4_-5FN2lmvsAktl_A55LXipExOHpUSrHTRJpzrvWjGgD2ZCXbF_AIi3L5vLjlUGNaivHHKSBNegvViATW1qTkiOmebh-6d2pV8mTOy8BO2X7h3CQNUyJGmm9wo48I97_LBiAOwgqEHjLPWYF45DYzZKooDvH2JaI3tVxS-YSLL36fUVM1wMr6IGTOsRuE1bpGUTQZ65q4=w1200-h1200-k-no,,,,,,hotel
OYO 262 Hotel Faith,27.6719895,85.3163812,3.9,76,3-star hotel,https://lh3.googleusercontent.com/gps-proxy/AE4_-5H4YV_cFLQqro0vVUzad5sWYd6QXu7QIrNxnZBU8QF9hBdVHuONYgu1lzoAc5LmWnZmc7t5Ellt3NLEx16iEn-6NLjK4rgAumg75-4eb_9DOFCvCtP92cnab_I8HTLDiq1inW9wuVR2aCD7_DU3C0k9KuOH9wLn9_O2jB1YoHd1HqL2v1tQs0QY=w1200-h1200-k-no,,Free Wi-Fi,Wi-Fi,Restaurant,,hotel
KOT Danda Agro Resort,27.560497,85.2997504,4.3,91,Hotel,https://lh5.googleusercontent.com/p/AF1QipPue-VC2WswVvqwkvPUrUiEPHqXHIqmxWCgLM8q=w1200-h1200-k-no,,,,,,hotel
Himalaya Apartment Hotel,27.6759029,85.3133667,4.4,9,2-star hotel,https://lh3.googleusercontent.com/gps-proxy/AE4_-5GI0mQrD5FnQhW_mW65KdHm3E5ma7kdEsFLBWKQJ4dW1liPLTq3RegJqjNAhbL7XznEtFaDe7QnsH5RylcN9fVE1CO3pEHfG3d-sO8scr1fRnQHlXRJV6w7ASUtUdWnDwWaEXg84iMYByIbsMlT5M5V98ZXz3C7srCb__USOxzbqqsreQmR8Qw=w1200-h1200-k-no,"NPR 6,561",Free parking,Free Wi-Fi,Wi-Fi,Airport shuttle,hotel
Hotel Timila,27.6745269,85.3261583,4.9,143,3-star hotel,https://lh5.googleusercontent.com/p/AF1QipMy2fsMfaDdsT9rDrx1h6KPVSJwAJut2gNc1r8P=w1200-h1200-k-no,"NPR 6,506",Free breakfast,Free Wi-Fi,Air-conditioned,Breakfast,hotel
Vivanta Kathmandu,27.6769288,85.3112049,4.3,996,4-star hotel,https://lh3.googleusercontent.com/gps-proxy/AE4_-5FehSQIq2B1hEfLSCROVCBP2LQjkrUaYQQlFDptN-3Jrkr_O8VF45zGTEfrrqqAEaRTtfWYCxyzI5iIQOpW7PJlCpDaTr4nFrWlbkKkWeCeu8F99KCA-MyYtBr7UPJx8c-GHEal3mxlsICT59BMVnv5vkG4xRx3zsFdS9SLCpWJQL1He2bSwiLF=w1200-h1200-k-no,NPR 16K,Pool,Spa,Free parking,Free Wi-Fi,hotel
Stilly Inn,27.6830076,85.3145765,3.9,14,Hotel,https://lh5.googleusercontent.com/p/AF1QipM5yTNPdt8TuyygK90lfSGXutmiblGJvF9O3Bix=w1200-h1200-k-no,"NPR 2,891",,,,,hotel
Hotel Destination,27.6709123,85.3386198,3.2,42,Hotel,https://lh5.googleusercontent.com/p/AF1QipMCjMyiVpL4da2gyp_S8ffF3DdW5Wr8DDb_b92z=w1200-h1200-k-no,,,,,,hotel
Fresco Retreat,27.6695306,85.3138145,4.3,69,3-star hotel,https://lh3.googleusercontent.com/gps-proxy/AE4_-5FTPcJ0oblBbND_9ICP02Otst8EhprVhgJiAzRVxgRf2ne9KiceWAeUvBygz2sLsWJzz9SYhDFu5k5kAdTO23mzNHczQwOCl9Ee-A5IRVTm4ak3XL0WDW-_yPL4QqiaI66o5wwVGEHd9z6SLu9868gwlqLZoIFBwZ0_224lea9XSdZL8fQzfq8=w1200-h1200-k-no,"NPR 3,995",Free parking,Free breakfast,Free Wi-Fi,Air-conditioned,hotel
Hira Guest House,27.6748686,85.3243769,4.7,38,2-star hotel,https://lh3.googleusercontent.com/gps-proxy/AE4_-5Ev_1711IFgGOOvCn-5SfyGKI-FZ1_BcAFeIKP0oOP0moKYOe40CNquEftomsQHNlGQJwgRT4VD9QXO_QUdN1ollECjXxmlVc-8amhrTU6Xbq95Pw4YbJH7DoK4Ks65N9hvUS0ZQidsVYB4w3K1TO_25qWhdFjbhaHZngw2ehz8KlBx_j2824IUhA=w1200-h1200-k-no,"NPR 5,870",Free Wi-Fi,Wi-Fi,Airport shuttle,Restaurant,hotel
Hotel Patan House,27.6746481,85.3243759,4.3,21,3-star hotel,https://lh5.googleusercontent.com/p/AF1QipPMT_3Zk6w3cRKjwe-rgp5I2sEXAvDKeeL0AMQk=w1200-h1200-k-no,"NPR 5,257",Free parking,Free Wi-Fi,Air-conditioned,Breakfast,hotel
OYO 259 Hotel White And Peace,27.6795552,85.3065041,2.7,51,Hotel,https://lh3.googleusercontent.com/gps-proxy/AE4_-5FeczGhJnsWRM9bKUhZF2NeJ_PT_kIf04v6layJWIETAHdAXlssMH0v6PhEfp75IK8Y-srGCtesebde260XDGlRyWqdKs_sHtmaXGFNC1bvd3C-1BYmnj36_YHvc8GpgrO62e6aYticrs0JjEn9216ZWGTihz1HgTN7dwkeixY1zdZjkL83gorG=w1200-h1200-k-no,"NPR 3,547",Free Wi-Fi,Breakfast,Wi-Fi,Restaurant,hotel
OYO 547 Hotel Birajman Pvt. Ltd.,27.6830589,85.3115946,3.6,69,Hotel,https://lh5.googleusercontent.com/p/AF1QipNQ1VzrBZVyPRXCMWFPLa9sgwcpQvwBrAmXS_P1=w1200-h1200-k-no,,,,,,hotel
Newa Chen Guest House,27.675311,85.3262262,4.4,120,2-star hotel,https://lh5.googleusercontent.com/p/AF1QipP7hC8Xk-S1dmX2bG6MuPK-8VDCvoia3vq_lvH5=w1200-h1200-k-no,NPR 11.4K,Free breakfast,Free Wi-Fi,Breakfast,Wi-Fi,hotel
Hostmandu,27.685487,85.3045228,4.1,39,Hotel,https://lh3.googleusercontent.com/gps-proxy/AE4_-5GH6JNdDjO88ZgoMeL7Nc0h46CxlwxZ8HVITN6Ybi4g6gNT_Cf3YVrFQBxJ7HARZypLmq74sCWUOBElOgS2XRHsRkHcSAjNwJjCSE6WV8kuGpssLGq8DzgOEjiKGdVnG35cSRFBJ7nfkUckbxYqNgbVkHt4hN2vivracqSir7k1pW1lw64oJR0h=w1200-h1200-k-no,"NPR 3,496",Free parking,Free Wi-Fi,Wi-Fi,Airport shuttle,hotel
Hotel Ghar,27.6824332,85.3102484,4.1,31,2-star hotel,https://lh5.googleusercontent.com/p/AF1QipNX48TQuwxQE8HqmvhGUL-Ejhw57NYlPXHIYm3t=w1200-h1200-k-no,,Air-conditioned,,,,hotel
Paradise Hills,27.6190458,85.3552703,4.4,70,Resort hotel,https://lh5.googleusercontent.com/p/AF1QipPSzDWyPogLifOE2gibzT_Y179V0qGAWeHx17Hf=w1200-h1200-k-no,,Free parking,Free breakfast,Free Wi-Fi,Air-conditioned,hotel
Himal home,27.6672963,85.3333265,3.9,13,3-star hotel,https://lh3.googleusercontent.com/gps-proxy/AE4_-5GeZWXCV3eQyB9UhQdkhSNlTQHJEzAD8BXdftDy3jf_ey_ON0Lr-5GAt7nyDTgPgYt2Q8mz0UBhqqqAjN9jal2jaefRlXDtzdN3Rb7SiHPTcNnrYjiq985dfu7HpwEeEJ1VVsBok2_CH2a0D1FjyWGtE_iI32j-efYgZOu8rj0NKDpr-VUrFJJH=w1200-h1200-k-no,"NPR 1,285",Free Wi-Fi,Wi-Fi,Restaurant,,hotel
Hiranya Guest House,27.6754912,85.3224324,4.6,65,3-star hotel,https://lh3.googleusercontent.com/gps-proxy/AE4_-5Fn4H-WXrA5RYwPfi5fJRo3nb_B3auVu_kFt_zPue401BE9Fd4tIWw1ahfR3SRhArElGbIWFMrshMPYly3U2LpUi7tdIVBOmDTHX6yUP-OxeI7TOJK5k9fIzYYQUhNvDEHRMvw-ghhXD8mVfg5dvgjERHypvyN4G4Gka3RWoUaNPkJJCaQz1L-C=w1200-h1200-k-no,"NPR 3,942",Free parking,Free Wi-Fi,Breakfast,Wi-Fi,hotel
Peace & Joy Guest House,27.6728006,85.3292045,4.7,101,Guest house,https://lh3.googleusercontent.com/gps-proxy/AE4_-5Ge-NGMA0f3lZdGeQYJSFLxZ_l7o1E5crdFttkEG7lM_w57KIUkzVFJNwGvp1Gq4pXK0DRyCUstCygkbqRD152yhMUc6rBkXbh8f2VQzw_wXItxxeho0v9X-xbyoXYQNGbOzZ5s169nZSORLbDv-RLXx-v56FT-l3TD1SBvQMzuPS74_wqCGGkI=w1200-h1200-k-no,"NPR 2,272",Free Wi-Fi,Air-conditioned,Wi-Fi,,hotel
Hotel Yellow Durbar - Sanepa Lalitpur,27.6816105,85.3058686,3.4,62,Hotel,https://lh3.googleusercontent.com/gps-proxy/AE4_-5HpLiGv0cO-EKwP8dp4o8PRxst-2RqVTuILgRAmcV_GMalvJJ1Bva_G-WnhpMJJglYhnxiHUy9COYPeZP-kcTAvZMH1TkYrWDDZe6Z3NfANDouQDXM4vOjyOfsg1nMg78mDJXzOuVd1fyTfiJ7S3gYmoV6KtVaPTUVWAse0vRcJVvXoFUwbl7SzeA=w1200-h1200-k-no,NPR 11.9K,Pool,Free parking,Free Wi-Fi,Wi-Fi,hotel
OYO 511 The Britt Boutique Hotel,27.6112267,85.3562783,4.5,11,Hotel,https://lh5.googleusercontent.com/p/AF1QipMO2wk9Wivze-_rUODolDtMeVdECvlF9YaYo26O=w1200-h1200-k-no,,,,,,hotel
Sanu's House,27.6654019,85.3315607,4.5,67,1-star hotel,https://lh3.googleusercontent.com/gps-proxy/AE4_-5FGu0KuGGt6jI1RuHLV6MPZY1La3Gos-1zZSFy5HGvVn_eoLxUSIYBEiej_mB9rrzhShU7QQpsseJjU0GXTa6nyDkw46_R8iiwXTXpDKUi9GvPsHw-VqDge-36hQZBN6tLFjspTr9UDAu-VRtqliiRzybIgAVH0dZlXZw695hfmvv5x90sNecPnYm3YtcLGzf2c3PI=w1200-h1200-k-no,"NPR 1,577",Free Wi-Fi,Breakfast,Wi-Fi,,hotel
Hotel Kutumba,27.6824601,85.3163255,4.3,167,3-star hotel,https://lh5.googleusercontent.com/p/AF1QipMAwjBxR0FkkdLBzOpvh6Q0da759uXov6CU_NQb=w1200-h1200-k-no,"NPR 6,542",Free parking,Free Wi-Fi,Air-conditioned,Breakfast,hotel
Citizen M Hotel & Lodge,27.662448,85.3283295,5.0,2,Hotel,https://maps.gstatic.com/tactile/pane/result-no-thumbnail-1x.png,,,,,,hotel
Serene Boutique Hotel,27.6450265,85.3186839,5.0,4,Hotel,https://lh5.googleusercontent.com/p/AF1QipOy2HOVAtaTBjTRfdJHfwlTBgmyjqT2Ge0fE0YY=w1200-h1200-k-no,,,,,,hotel
Heranya La:Ku,27.6734997,85.3247051,4.2,27,Hotel,https://lh3.googleusercontent.com/gps-proxy/AE4_-5Elg0_33fzgMblJwO7yQzUqH120o52SnEk1dF2gGyBEvYB_bPrlse7xrpe8T5ULh61wCNSaPYegxSHIotBRtSFLneem_Q8wHd4ks2c5zy5IcjKIDAY_81g50fqXjT06OcT0wtZKQ9ahWgrCbcTwJD2xiXBIWm7AbmNhRV0bmp1x_sx4AK7wPiwqBg=w1200-h1200-k-no,"NPR 3,417",Free Wi-Fi,Air-conditioned,Breakfast,Wi-Fi,hotel
Five14 Bed and Breakfast,27.6752492,85.3104654,4.8,65,Hotel,https://lh5.googleusercontent.com/p/AF1QipPfnXQHR4qVIHoickBwlGpS6aiCXGOxehx_sdjy=w1200-h1200-k-no,,Free Wi-Fi,Air-conditioned,Breakfast,Wi-Fi,hotel
Hotel Trinity,27.6498642,85.3210688,4.3,29,Hotel,https://lh5.googleusercontent.com/p/AF1QipMN5o8bQJjqhQetKZGyJrAo1eDOVtGnaAgME_mm=w1200-h1200-k-no,,,,,,hotel
GreenTara Heritage Home,27.6763564,85.323341,4.6,14,2-star hotel,https://lh3.googleusercontent.com/gps-proxy/AE4_-5Gu2H_ZJNJRYIrsu1cr9H4VqLY7EBcxPjwi-zIetbmPzjDcLDKFMMCkN4eSYuU_ZKGj3Z_Mba9O8-bFf0xMRq2gb1FLNCJ5ewm8zInahgAvoJr_iHwNRvBPl6zV7yRBNA6Fg7IvcEqVDse9okTbTFMyFlz7eYpjCHONYtmL5gVD0l0LRjZADRb4cA=w1200-h1200-k-no,"NPR 7,216",Free Wi-Fi,Wi-Fi,,,hotel
K2Homes,27.675483,85.3263484,4.2,23,3-star hotel,https://lh5.googleusercontent.com/p/AF1QipN-bhI3aAJVV8w8scQifyoubHDsg_0MmfgEoV1c=w1200-h1200-k-no,"NPR 3,018",Free Wi-Fi,Wi-Fi,Airport shuttle,,hotel
Boutique Heritage Home,27.6708813,85.3268228,4.4,53,2-star hotel,https://lh3.googleusercontent.com/gps-proxy/AE4_-5F_TX3_7o5NQZ7_uMTGS17je7T67WLQCsVWotLFBtgBNKSTV_7dKR-pMWqAT9CiHNYxB9WBZuxH9bLQe1CIju1c1jX6bVKYMySTCOTjFuH8BbioNHqbkTtUW6KLvrJajA-hIBnHMG0lW9MXyMUFrU4yofk_MlJOkPOJqhV7_jm-aqGqdY-XW3S5=w1200-h1200-k-no,"NPR 4,666",Free Wi-Fi,Breakfast,Wi-Fi,Airport shuttle,hotel
Suite Homes,27.6696135,85.3163146,4.6,37,3-star hotel,https://lh3.googleusercontent.com/gps-proxy/AE4_-5EhRI47kTb6_BBMI39fGMOtd6ylXXwV9zKRA6l3985cvjiu8_m8UP8fMIuxz7xe8d5BBbUaqGGjHVm6xRKCZOKmW7nKNaCPPWwaP0QeY4ZguVty39gUaYUGTZ29dshUYwQPJST5Ou9gBBl2EdCap7Wg5UV5ngD1fkKk7B5TzLi5whhh8kF28Eyy=w1200-h1200-k-no,"NPR 9,842",Free parking,Free Wi-Fi,Air-conditioned,Wi-Fi,hotel
SPOT ON 431 Kathmandu Bed And Breakfast,27.6885924,85.3061665,,0,Hotel,https://lh5.googleusercontent.com/p/AF1QipOgX2ufqp4mq2VBTmp351XvzTmuO65dRXuNnRAv=w1200-h1200-k-no,,,,,,hotel
Looniva Guest House,27.6712347,85.3268423,4.2,33,Guest house,https://lh5.googleusercontent.com/p/AF1QipPIxNb4jARAeC0BjIC5oUpwEWqL_DOwpdqxGYek=w1200-h1200-k-no,"NPR 3,154",Free Wi-Fi,Wi-Fi,,,hotel
Temple House,27.6737453,85.3241849,4.5,62,3-star hotel,https://lh3.googleusercontent.com/gps-proxy/AE4_-5FfI01NhwZLgWUt1TSYTtca5oFTuNv5D9GDk32SHqfhoJdVD4Ch7a2y_jSbvjNXjG0f6xU9ZcOrr0dyauAhGxA5b9iVaaWYmPs9P8LfhHBRyXvMBImFplp1wc158N_mkP6Tzst58mby5zDZzUZLb7hCzU218aDADMmxPq024GfKN5ErEO9f-R7EXA=w1200-h1200-k-no,"NPR 3,154",Free Wi-Fi,Wi-Fi,Airport shuttle,Restaurant,hotel
KRISHNA&PRAMILA KHAJA GHAR,27.6512362,85.3129028,5.0,1,Hotel,https://lh5.googleusercontent.com/p/AF1QipMWdSvAi2hIt9GUlAKHJlH8-3lCfPPpGWcwVRfN=w1200-h1200-k-no,,,,,,hotel
Grace Guest House,27.680352,85.3104881,4.3,16,3-star hotel,https://lh5.googleusercontent.com/p/AF1QipPlB01Ja6NjqEW_aDB22MAmqmBKod-60rxHXDuH=w1200-h1200-k-no,,Free parking,Free Wi-Fi,Wi-Fi,,hotel
Sagarmatha Apartment,27.6790469,85.3050312,4.6,27,Hotel,https://lh5.googleusercontent.com/p/AF1QipMn275u-rtVTb7yYbs1netfwvDkTCJFO4KpEeTD=w1200-h1200-k-no,,,,,,hotel
Ambience Guest House,27.6691569,85.3273204,3.6,25,2-star hotel,https://lh5.googleusercontent.com/p/AF1QipOOXilRlm1noqmjvSUhnH2attGbOYQyFlZZrY-A=w1200-h1200-k-no,,Airport shuttle,,,,hotel
Dwelling Place,27.6476344,85.3161108,4.4,65,Guest house,https://lh5.googleusercontent.com/p/AF1QipNYwivtpqVnwOMcy4jN5OqLTJQRl3u3ulwFrh-N=w1200-h1200-k-no,,,,,,hotel
Sayami Home,27.6715883,85.3284187,4.5,84,Hotel,https://lh5.googleusercontent.com/p/AF1QipNKPIw9THHRApV-7jdRHjcPXTn_VfuTpZPvJh2v=w1200-h1200-k-no,"NPR 2,628",Free parking,Free Wi-Fi,Breakfast,Wi-Fi,hotel
Devi’s Suites,27.6816675,85.3081106,4.1,13,Hotel,https://lh3.googleusercontent.com/gps-proxy/AE4_-5E5Q_6Tu6AeZBoll2zqfTj8NlcLe0bnfuWND7oofWuIrHj6zy1-XcJyKMW_RGpS2x7OKobEJEO_5P-EdvHKGtxCZ_B5yTvs5HxnfFFXdOPafaNrVx_1be7Xtwov7TUnik8NBy-BI4Yt7LBQTjoVoHKpBQyWlcaeCFBTGOMRwhhMmkR1yE0pK2jg=w1200-h1200-k-no,,Free parking,Free Wi-Fi,Wi-Fi,Airport shuttle,hotel
Easy Homes,27.6769288,85.3275296,4.3,78,Group accommodation,https://lh3.googleusercontent.com/gps-proxy/AE4_-5F6qsvesLadoPw1MYuJoVx8MvrbS1NNBDoThC477qN8jPKSgX4iII-VZQq6GGdcL42cTQ4T3bgT7Bp7OdrMKvmeIy9hRoaTwJODXS5DlI460e3Tdo3ee5Y6GvvmXjYnhgmlOAvtyg808gmGt1W9HKXdpLls-yRiQior_1jgTUdNNky4-0IZ4E4z1g=w1200-h1200-k-no,"NPR 2,099",Free Wi-Fi,Wi-Fi,Parking,Airport shuttle,hotel
Lalit Heritage Home,27.6724486,85.3247179,4.7,36,2-star hotel,https://lh3.googleusercontent.com/gps-proxy/AE4_-5EGcAhGhc56uDy0pDERVT9kXA5RFw9dxSMIOu1e4n2mSEmXuG0lj9qxahcxZKA-YK8QOeC9816jCpXFL0FblAW8SIh9efvWW6Q7YyIvAGJ66iPCsgcvMyK8rx-c8WUBsQq1ojWA59DpMbJL-_5akiXsR6-KOifGLZJx9EcBXpD4yrbjN3hrZGWu=w1200-h1200-k-no,"NPR 4,100",Free Wi-Fi,Air-conditioned,Breakfast,Wi-Fi,hotel
OYO 298 Hotel Asha,27.6509573,85.3056457,3.1,122,3-star hotel,https://lh5.googleusercontent.com/p/AF1QipOjvFneO2tOkCwSyMtStzhokdyoXk8g-uL-qiN_=w1200-h1200-k-no,"NPR 2,200",Free Wi-Fi,Wi-Fi,Restaurant,,hotel
Hamro Guest House,27.6609976,85.3029027,3.6,5,Hotel,https://lh5.googleusercontent.com/p/AF1QipPvF8_Wen5M893DRSk4gKG35cTfVwG0Lp9r7IwN=w1200-h1200-k-no,,,,,,hotel
Mangal Chhen,27.6748673,85.3267876,4.4,47,Homestay,https://lh5.googleusercontent.com/p/AF1QipPcNUM_1d8qdu7Ivyl6WXexr2lvzcIl8FE8fGMR=w1200-h1200-k-no,"NPR 3,903",Free parking,Free breakfast,Free Wi-Fi,Breakfast,hotel
Tajaa Pha The Heritage Home,27.6756716,85.3207161,4.7,83,3-star hotel,https://lh3.googleusercontent.com/gps-proxy/AE4_-5FlMLjayIEFUQUubeYLW77liyeB4CSMYS58u2ZKdVeElLONsKvw1WrUC9hf_aEuZXbyj4O8ZI9Y-VQqNrD00HS3FsD-XowMoaL5qtNaC6wRj6BaRuTSQXeaTHtVVYqMqDlUx3HQu1qiKQnBFsrcwrBZDl4m8PtPpNGWR-yxNXN5q-mSW_ER4WiD=w1200-h1200-k-no,"NPR 5,652",Free Wi-Fi,Wi-Fi,Airport shuttle,Restaurant,hotel
Hotel Greenwich Village,27.6845487,85.3121154,3.9,569,3-star hotel,https://lh5.googleusercontent.com/p/AF1QipMqRjsG_aUf8GfC9WN48TW1fPJ8fdgyJ70Qtp-9=w1200-h1200-k-no,,Pool,Spa,Free parking,Free Wi-Fi,hotel
Cozy Home B&B Pvt. Ltd.,27.6698347,85.3081657,4.8,165,Bed & breakfast,https://lh5.googleusercontent.com/p/AF1QipOO8zBtDxv-Qoooo-2ooHX2L1NwMAT6D1yN4Hds=w1200-h1200-k-no,"NPR 2,103",Free parking,Free Wi-Fi,Breakfast,Wi-Fi,hotel
Homestay Guide,27.6694638,85.3261013,5.0,6,Homestay,https://maps.gstatic.com/tactile/pane/result-no-thumbnail-1x.png,,,,,,hotel
मुन्द्रेकाे चिया पसल,27.5990954,85.3195936,,0,Hotel,https://lh5.googleusercontent.com/p/AF1QipO-Y0bvUCKQysvNELprI2OMMX-JhKKeh0hKXE2c=w1200-h1200-k-no,,,,,,hotel
Dhakhwa House,27.6758025,85.3231389,4.7,57,Group accommodation,https://lh5.googleusercontent.com/p/AF1QipNtLSkFOrOvrQddqgaafbEkrrgeMHLxxPSGlFTk=w1200-h1200-k-no,,,,,,hotel
britt boutique hotel,27.6111954,85.356283,3.3,3,Hotel,https://lh5.googleusercontent.com/p/AF1QipNAzBnhb1ODmbQre9i9L0K7ckBrI5wRrX6YX3fb=w1200-h1200-k-no,,,,,,hotel
The hotel B2M,27.6611407,85.3037368,4.3,3,Hotel,https://lh5.googleusercontent.com/p/AF1QipNLf8wBHEBtieG7rEbueSuN_AiM_Bp0RwHYUX-O=w1200-h1200-k-no,,,,,,hotel
Nepal Inn Bed & Breakfast,27.6805009,85.3112003,4.0,2,2-star hotel,https://lh3.googleusercontent.com/gps-proxy/AE4_-5HmEzW35T6A8_YyV--Kj3xINa9jH2MmRmErL4MZcArAdRuZlzqZeHfLefTlA38qpiKzpNnDfkqTkEuwiXsvfImKZFHuCTZxPrHTqLWUEKgfV0P3K9apMF2TpqYG0-6ZZqjBa-F7DONXnGy_UEEnvjz_xng7Dr5VI8zzTG-fPmyofUMC4QpQXbJN=w1200-h1200-k-no,"NPR 2,624",Free parking,Free Wi-Fi,Wi-Fi,Restaurant,hotel
Godavari Village Resort,27.6088113,85.3527036,4.0,960,3-star hotel,https://lh3.googleusercontent.com/gps-proxy/AE4_-5E7n7AxWjYaH1y9fwlofek52griL3hXQRGGHadC0gtUPe-7yyn8Ww5Asz-aMH_26z2_439jeZDxImEHcZP_g1OL8qFmsxSoejdLcW2vYIoapi-5aulI2g2_FYSABFeQDMVepBx9XZF9-Fmar_9w143t6hel1bJwlmcR8t9foL6VOky3Ep0u-U1e=w1200-h1200-k-no,"NPR 7,414",Pool,Spa,Free parking,Free Wi-Fi,hotel
29 Eleven Bed and Breakfast,27.6475696,85.2968532,4.9,65,Hotel,https://lh5.googleusercontent.com/p/AF1QipOsdcPsad07RL8vXOKP4PUfaXr-L2N7qR8S8XIK=w1200-h1200-k-no,"NPR 5,337",Free parking,Free breakfast,Free Wi-Fi,Air-conditioned,hotel
Yala Talachhen Heritage Home,27.6754678,85.3257027,4.8,4,Hotel,https://lh5.googleusercontent.com/p/AF1QipOpfk2QWrJNCZpcgpFP8WCxvDI25JiXnGz-RMfH=w1200-h1200-k-no,,Airport shuttle,Pet-friendly,,,hotel
Hotel Tapeshwor Lodge,27.5892955,85.3508614,4.1,9,Lodge,https://lh5.googleusercontent.com/p/AF1QipMCmtS432YcNpP-KzaeYdh4ETUaI6RlMhxKQog=w1200-h1200-k-no,,,,,,hotel
Sanu House Nakhu,27.6593572,85.3065127,4.0,30,Homestay,https://lh5.googleusercontent.com/p/AF1QipNvsJ_Yc__Bb5y36puDadlUkUFa98wzv2lBJNE6=w1200-h1200-k-no,"NPR 2,146",,,,,hotel
OYO 389 Fulchoki Shangrila Home,27.6098126,85.3541697,4.5,4,Hotel,https://lh5.googleusercontent.com/p/AF1QipO93ZzXJUfemzGBdOC1Spc4osyZRszkgO5UDIti=w1200-h1200-k-no,,,,,,hotel
Hotel Pokhara Palace,27.6997225,85.3111848,3.8,30,3-star hotel,https://lh3.googleusercontent.com/gps-proxy/AE4_-5HurezURrzRY9FIlEgscddFn0ZXu1fU15L3ktXimVpouQd-wuCsSGP1qu25PAybCx5Wp6_3pBxGFYctWhF6h899wMdP6jg2FwQ5hG8qT_FEkRZFQ4uCJuSxREr1Q923XsZQuGlL8__cXsQI2_z2r0jzfHtxGPFJASKnQSfpbW7sko2eT4qeVdkqDqlF3kGpWpZ4s1Y=w1200-h1200-k-no,,,,,,hotel
SPOT ON 572 Hotel Get Together,27.695365,85.2795445,3.9,20,Hotel,https://lh5.googleusercontent.com/p/AF1QipO6woOAZohbMOWg-yQAbUls70fsU8HAiULa6V4z=w1200-h1200-k-no,,Free parking,Free Wi-Fi,Wi-Fi,Restaurant,hotel
